-- YueDong Checkin System - Seed Data
-- Auto-generated realistic test data

USE yuedong;

-- ========== Users (110 records) ==========
INSERT INTO `user` (`id`,`username`,`password`,`nickname`,`phone`,`gender`,`role`,`points`,`total_checkins`,`consecutive_days`,`max_consecutive`,`total_duration`,`total_calories`,`status`,`last_checkin_date`,`create_time`) VALUES
(2,'zhang100','$2a$10$N9qo8uLOickgx2ZMRZoMyeIjZAgcfl7p92ldGxad68LJZdL17lhWy','张伟','13870280630',1,'USER',603,57,3,11,3192,16438.8,1,'2026-02-12','2025-11-30 16:00:00'),
(3,'wang101','$2a$10$N9qo8uLOickgx2ZMRZoMyeIjZAgcfl7p92ldGxad68LJZdL17lhWy','王强','13969873897',1,'USER',147,10,9,11,680,4431.3,1,'2026-02-11','2025-12-20 16:00:00'),
(4,'li102','$2a$10$N9qo8uLOickgx2ZMRZoMyeIjZAgcfl7p92ldGxad68LJZdL17lhWy','李静','15093722620',2,'USER',957,76,1,4,2508,13794,1,'2026-02-13','2026-01-08 16:00:00'),
(5,'zhao103','$2a$10$N9qo8uLOickgx2ZMRZoMyeIjZAgcfl7p92ldGxad68LJZdL17lhWy','赵浩','15195028489',1,'USER',819,75,8,11,4575,42852.5,1,'2026-02-14','2026-01-13 16:00:00'),
(6,'liu104','$2a$10$N9qo8uLOickgx2ZMRZoMyeIjZAgcfl7p92ldGxad68LJZdL17lhWy','刘明','15221878604',1,'USER',771,61,4,13,2867,23270.5,1,'2026-02-11','2025-12-02 16:00:00'),
(7,'chen105','$2a$10$N9qo8uLOickgx2ZMRZoMyeIjZAgcfl7p92ldGxad68LJZdL17lhWy','陈雪','15833234684',2,'USER',517,32,11,17,1248,8673.6,1,'2026-02-11','2025-11-18 16:00:00'),
(8,'yang106','$2a$10$N9qo8uLOickgx2ZMRZoMyeIjZAgcfl7p92ldGxad68LJZdL17lhWy','杨海','15996183876',1,'USER',643,50,7,12,3450,21792.5,1,'2026-02-10','2025-12-03 16:00:00'),
(9,'huang107','$2a$10$N9qo8uLOickgx2ZMRZoMyeIjZAgcfl7p92ldGxad68LJZdL17lhWy','黄建','18689194841',1,'USER',681,63,9,10,2520,24066,1,'2026-02-11','2025-12-09 16:00:00'),
(10,'wu108','$2a$10$N9qo8uLOickgx2ZMRZoMyeIjZAgcfl7p92ldGxad68LJZdL17lhWy','吴桂','18719205749',2,'USER',689,55,14,17,2200,15840,1,'2026-02-13','2025-12-31 16:00:00'),
(11,'zhou109','$2a$10$N9qo8uLOickgx2ZMRZoMyeIjZAgcfl7p92ldGxad68LJZdL17lhWy','周宇','18889338230',1,'USER',542,38,5,14,1520,11805.3,1,'2026-02-12','2025-12-18 16:00:00'),
(12,'xu110','$2a$10$N9qo8uLOickgx2ZMRZoMyeIjZAgcfl7p92ldGxad68LJZdL17lhWy','徐成','13530457183',1,'USER',837,71,14,22,4544,39002.7,1,'2026-02-10','2025-12-06 16:00:00'),
(13,'sun111','$2a$10$N9qo8uLOickgx2ZMRZoMyeIjZAgcfl7p92ldGxad68LJZdL17lhWy','孙兰','13689611076',2,'USER',591,54,3,7,2646,24607.8,1,'2026-02-10','2025-12-09 16:00:00'),
(14,'ma112','$2a$10$N9qo8uLOickgx2ZMRZoMyeIjZAgcfl7p92ldGxad68LJZdL17lhWy','马军','13751402306',1,'USER',420,27,8,8,837,5914.8,1,'2026-02-14','2025-12-01 16:00:00'),
(15,'zhu113','$2a$10$N9qo8uLOickgx2ZMRZoMyeIjZAgcfl7p92ldGxad68LJZdL17lhWy','朱杰','18271003498',1,'USER',669,65,11,13,2340,21489,1,'2026-02-11','2025-11-21 16:00:00'),
(16,'hu114','$2a$10$N9qo8uLOickgx2ZMRZoMyeIjZAgcfl7p92ldGxad68LJZdL17lhWy','胡春','18358899312',2,'USER',626,49,9,11,2499,15202.3,1,'2026-02-13','2026-01-09 16:00:00'),
(17,'lin115','$2a$10$N9qo8uLOickgx2ZMRZoMyeIjZAgcfl7p92ldGxad68LJZdL17lhWy','林飞','13820122648',1,'USER',99,8,7,14,424,3102.3,1,'2026-02-12','2025-12-02 16:00:00'),
(18,'guo116','$2a$10$N9qo8uLOickgx2ZMRZoMyeIjZAgcfl7p92ldGxad68LJZdL17lhWy','郭鹏','13925760582',1,'USER',868,69,2,10,4347,28328,1,'2026-02-10','2025-12-10 16:00:00'),
(19,'he117','$2a$10$N9qo8uLOickgx2ZMRZoMyeIjZAgcfl7p92ldGxad68LJZdL17lhWy','何云','15071225278',2,'USER',878,73,2,5,4453,24491.5,1,'2026-02-14','2026-01-12 16:00:00'),
(20,'luo118','$2a$10$N9qo8uLOickgx2ZMRZoMyeIjZAgcfl7p92ldGxad68LJZdL17lhWy','罗武','15119044737',1,'USER',835,69,14,15,4761,42531.6,1,'2026-02-14','2025-12-17 16:00:00'),
(21,'gao119','$2a$10$N9qo8uLOickgx2ZMRZoMyeIjZAgcfl7p92ldGxad68LJZdL17lhWy','高文','15285727743',1,'USER',524,40,10,10,1480,10384.7,1,'2026-02-13','2025-12-01 16:00:00');

INSERT INTO `user` (`id`,`username`,`password`,`nickname`,`phone`,`gender`,`role`,`points`,`total_checkins`,`consecutive_days`,`max_consecutive`,`total_duration`,`total_calories`,`status`,`last_checkin_date`,`create_time`) VALUES
(22,'zheng120','$2a$10$N9qo8uLOickgx2ZMRZoMyeIjZAgcfl7p92ldGxad68LJZdL17lhWy','郑芳','15868080010',2,'USER',404,31,2,9,1395,9486,1,'2026-02-13','2025-12-05 16:00:00'),
(23,'liang121','$2a$10$N9qo8uLOickgx2ZMRZoMyeIjZAgcfl7p92ldGxad68LJZdL17lhWy','梁强','15975976952',1,'USER',923,80,13,17,4720,33826.7,1,'2026-02-14','2025-12-15 16:00:00'),
(24,'xie122','$2a$10$N9qo8uLOickgx2ZMRZoMyeIjZAgcfl7p92ldGxad68LJZdL17lhWy','谢磊','18696322292',1,'USER',297,22,2,11,1276,7826.1,1,'2026-02-12','2025-12-10 16:00:00'),
(25,'song123','$2a$10$N9qo8uLOickgx2ZMRZoMyeIjZAgcfl7p92ldGxad68LJZdL17lhWy','宋秀','18797782506',2,'USER',683,56,3,9,1736,9924.1,1,'2026-02-11','2025-11-23 16:00:00'),
(26,'tang124','$2a$10$N9qo8uLOickgx2ZMRZoMyeIjZAgcfl7p92ldGxad68LJZdL17lhWy','唐明','18858829480',1,'USER',719,69,6,10,3036,20138.8,1,'2026-02-10','2026-01-07 16:00:00'),
(27,'han125','$2a$10$N9qo8uLOickgx2ZMRZoMyeIjZAgcfl7p92ldGxad68LJZdL17lhWy','韩志','13568153411',1,'USER',518,40,9,9,1400,7490,1,'2026-02-12','2025-12-24 16:00:00'),
(28,'deng126','$2a$10$N9qo8uLOickgx2ZMRZoMyeIjZAgcfl7p92ldGxad68LJZdL17lhWy','邓琴','13677681326',2,'USER',500,32,2,5,1312,7019.2,1,'2026-02-11','2026-01-06 16:00:00'),
(29,'feng127','$2a$10$N9qo8uLOickgx2ZMRZoMyeIjZAgcfl7p92ldGxad68LJZdL17lhWy','冯建','13744986219',1,'USER',715,52,2,8,1560,13624,1,'2026-02-11','2025-11-18 16:00:00'),
(30,'cao128','$2a$10$N9qo8uLOickgx2ZMRZoMyeIjZAgcfl7p92ldGxad68LJZdL17lhWy','曹国','18283267322',1,'USER',756,58,13,17,1856,13579.7,1,'2026-02-14','2025-12-27 16:00:00'),
(31,'peng129','$2a$10$N9qo8uLOickgx2ZMRZoMyeIjZAgcfl7p92ldGxad68LJZdL17lhWy','彭莉','18398659241',2,'USER',294,15,7,11,885,7773.3,1,'2026-02-10','2026-01-01 16:00:00'),
(32,'zeng130','$2a$10$N9qo8uLOickgx2ZMRZoMyeIjZAgcfl7p92ldGxad68LJZdL17lhWy','曾成','13883514133',1,'USER',722,68,7,7,2312,20461.2,1,'2026-02-11','2025-12-02 16:00:00'),
(33,'xiao131','$2a$10$N9qo8uLOickgx2ZMRZoMyeIjZAgcfl7p92ldGxad68LJZdL17lhWy','肖超','13911254159',1,'USER',473,34,15,21,1156,6569.9,1,'2026-02-10','2025-12-17 16:00:00'),
(34,'tian132','$2a$10$N9qo8uLOickgx2ZMRZoMyeIjZAgcfl7p92ldGxad68LJZdL17lhWy','田翠','15091211625',2,'USER',831,79,2,3,2686,13564.3,1,'2026-02-13','2025-12-06 16:00:00'),
(35,'dong133','$2a$10$N9qo8uLOickgx2ZMRZoMyeIjZAgcfl7p92ldGxad68LJZdL17lhWy','董杰','15168629550',1,'USER',439,31,2,9,1178,11151.7,1,'2026-02-11','2025-12-01 16:00:00'),
(36,'pan134','$2a$10$N9qo8uLOickgx2ZMRZoMyeIjZAgcfl7p92ldGxad68LJZdL17lhWy','潘涛','15232129549',1,'USER',762,76,9,10,3116,18851.8,1,'2026-02-12','2025-12-19 16:00:00'),
(37,'yuan135','$2a$10$N9qo8uLOickgx2ZMRZoMyeIjZAgcfl7p92ldGxad68LJZdL17lhWy','袁莲','15860496586',2,'USER',433,28,3,7,1176,11172,1,'2026-02-13','2025-11-23 16:00:00'),
(38,'yu136','$2a$10$N9qo8uLOickgx2ZMRZoMyeIjZAgcfl7p92ldGxad68LJZdL17lhWy','于鹏','15946360044',1,'USER',862,81,13,13,4455,30368.3,1,'2026-02-13','2026-01-09 16:00:00'),
(39,'jiang137','$2a$10$N9qo8uLOickgx2ZMRZoMyeIjZAgcfl7p92ldGxad68LJZdL17lhWy','姜宁','18638093839',1,'USER',890,70,12,15,2450,15516.7,1,'2026-02-14','2026-01-07 16:00:00'),
(40,'cai138','$2a$10$N9qo8uLOickgx2ZMRZoMyeIjZAgcfl7p92ldGxad68LJZdL17lhWy','蔡玲','18733306211',2,'USER',363,34,4,4,2040,17884,1,'2026-02-14','2025-12-30 16:00:00'),
(41,'jia139','$2a$10$N9qo8uLOickgx2ZMRZoMyeIjZAgcfl7p92ldGxad68LJZdL17lhWy','贾文','18858819996',1,'USER',824,72,4,7,3168,22651.2,1,'2026-02-10','2026-01-15 16:00:00');

INSERT INTO `user` (`id`,`username`,`password`,`nickname`,`phone`,`gender`,`role`,`points`,`total_checkins`,`consecutive_days`,`max_consecutive`,`total_duration`,`total_calories`,`status`,`last_checkin_date`,`create_time`) VALUES
(42,'ding140','$2a$10$N9qo8uLOickgx2ZMRZoMyeIjZAgcfl7p92ldGxad68LJZdL17lhWy','丁伟','13549347090',1,'USER',999,82,10,12,2706,26834.5,1,'2026-02-11','2026-01-09 16:00:00'),
(43,'wei141','$2a$10$N9qo8uLOickgx2ZMRZoMyeIjZAgcfl7p92ldGxad68LJZdL17lhWy','魏娜','13620508046',2,'USER',266,15,11,12,540,2961,1,'2026-02-10','2025-11-30 16:00:00'),
(44,'xue142','$2a$10$N9qo8uLOickgx2ZMRZoMyeIjZAgcfl7p92ldGxad68LJZdL17lhWy','薛磊','13738987138',1,'USER',472,45,10,19,2970,25294.5,1,'2026-02-14','2025-11-20 16:00:00'),
(45,'ye143','$2a$10$N9qo8uLOickgx2ZMRZoMyeIjZAgcfl7p92ldGxad68LJZdL17lhWy','叶浩','18212432208',1,'USER',187,7,11,20,245,2135.6,1,'2026-02-10','2025-12-26 16:00:00'),
(46,'yan144','$2a$10$N9qo8uLOickgx2ZMRZoMyeIjZAgcfl7p92ldGxad68LJZdL17lhWy','闫丽','18325300645',2,'USER',715,61,14,16,3477,26077.5,1,'2026-02-13','2025-11-21 16:00:00'),
(47,'lu145','$2a$10$N9qo8uLOickgx2ZMRZoMyeIjZAgcfl7p92ldGxad68LJZdL17lhWy','陆志','13835889543',1,'USER',307,23,9,11,1242,7410.6,1,'2026-02-14','2025-12-04 16:00:00'),
(48,'ren146','$2a$10$N9qo8uLOickgx2ZMRZoMyeIjZAgcfl7p92ldGxad68LJZdL17lhWy','任海','13946949220',1,'USER',371,22,10,12,1012,9748.9,1,'2026-02-10','2025-11-19 16:00:00'),
(49,'yao147','$2a$10$N9qo8uLOickgx2ZMRZoMyeIjZAgcfl7p92ldGxad68LJZdL17lhWy','姚媛','15031946596',2,'USER',786,64,2,4,3520,34437.3,1,'2026-02-11','2025-12-31 16:00:00'),
(50,'shen148','$2a$10$N9qo8uLOickgx2ZMRZoMyeIjZAgcfl7p92ldGxad68LJZdL17lhWy','沈国','15198344847',1,'USER',695,68,13,22,4012,25743.7,1,'2026-02-12','2025-12-17 16:00:00'),
(51,'zhong149','$2a$10$N9qo8uLOickgx2ZMRZoMyeIjZAgcfl7p92ldGxad68LJZdL17lhWy','钟宇','15220963699',1,'USER',559,39,13,14,1404,9991.8,1,'2026-02-12','2025-12-30 16:00:00'),
(52,'zhang150','$2a$10$N9qo8uLOickgx2ZMRZoMyeIjZAgcfl7p92ldGxad68LJZdL17lhWy','张梅','15869565674',2,'USER',506,47,1,2,1598,12357.9,1,'2026-02-14','2026-01-04 16:00:00'),
(53,'wang151','$2a$10$N9qo8uLOickgx2ZMRZoMyeIjZAgcfl7p92ldGxad68LJZdL17lhWy','王超','15933376920',1,'USER',961,81,4,5,3159,25693.2,1,'2026-02-12','2025-12-12 16:00:00'),
(54,'li152','$2a$10$N9qo8uLOickgx2ZMRZoMyeIjZAgcfl7p92ldGxad68LJZdL17lhWy','李军','18683171779',1,'USER',454,38,3,3,1368,7888.8,1,'2026-02-13','2026-01-07 16:00:00'),
(55,'zhao153','$2a$10$N9qo8uLOickgx2ZMRZoMyeIjZAgcfl7p92ldGxad68LJZdL17lhWy','赵红','18794420729',2,'USER',543,54,14,23,3672,29682,1,'2026-02-13','2025-12-12 16:00:00'),
(56,'liu154','$2a$10$N9qo8uLOickgx2ZMRZoMyeIjZAgcfl7p92ldGxad68LJZdL17lhWy','刘涛','18822650842',1,'USER',660,65,15,23,3315,24144.3,1,'2026-02-14','2025-12-14 16:00:00'),
(57,'chen155','$2a$10$N9qo8uLOickgx2ZMRZoMyeIjZAgcfl7p92ldGxad68LJZdL17lhWy','陈飞','13558239907',1,'USER',785,69,8,14,2691,21079.5,1,'2026-02-13','2026-01-06 16:00:00'),
(58,'yang156','$2a$10$N9qo8uLOickgx2ZMRZoMyeIjZAgcfl7p92ldGxad68LJZdL17lhWy','杨素','13681836116',2,'USER',935,76,15,24,4104,25239.6,1,'2026-02-11','2026-01-13 16:00:00'),
(59,'huang157','$2a$10$N9qo8uLOickgx2ZMRZoMyeIjZAgcfl7p92ldGxad68LJZdL17lhWy','黄宁','13741543765',1,'USER',918,79,8,13,3239,22673,1,'2026-02-11','2025-12-24 16:00:00'),
(60,'wu158','$2a$10$N9qo8uLOickgx2ZMRZoMyeIjZAgcfl7p92ldGxad68LJZdL17lhWy','吴武','18252568168',1,'USER',317,22,13,20,1056,8025.6,1,'2026-02-10','2025-12-26 16:00:00'),
(61,'zhou159','$2a$10$N9qo8uLOickgx2ZMRZoMyeIjZAgcfl7p92ldGxad68LJZdL17lhWy','周淑','18347851282',2,'USER',599,46,15,21,1748,14129.7,1,'2026-02-10','2025-12-23 16:00:00');

INSERT INTO `user` (`id`,`username`,`password`,`nickname`,`phone`,`gender`,`role`,`points`,`total_checkins`,`consecutive_days`,`max_consecutive`,`total_duration`,`total_calories`,`status`,`last_checkin_date`,`create_time`) VALUES
(62,'xu160','$2a$10$N9qo8uLOickgx2ZMRZoMyeIjZAgcfl7p92ldGxad68LJZdL17lhWy','徐伟','13838621232',1,'USER',996,84,13,15,3948,28096.6,1,'2026-02-13','2025-12-19 16:00:00'),
(63,'sun161','$2a$10$N9qo8uLOickgx2ZMRZoMyeIjZAgcfl7p92ldGxad68LJZdL17lhWy','孙强','13940022849',1,'USER',369,27,7,10,999,8041.9,1,'2026-02-11','2025-12-30 16:00:00'),
(64,'ma162','$2a$10$N9qo8uLOickgx2ZMRZoMyeIjZAgcfl7p92ldGxad68LJZdL17lhWy','马静','15036070656',2,'USER',475,34,3,11,1224,8323.2,1,'2026-02-11','2025-11-28 16:00:00'),
(65,'zhu163','$2a$10$N9qo8uLOickgx2ZMRZoMyeIjZAgcfl7p92ldGxad68LJZdL17lhWy','朱浩','15162362390',1,'USER',432,41,3,6,1763,10842.5,1,'2026-02-10','2025-11-25 16:00:00'),
(66,'hu164','$2a$10$N9qo8uLOickgx2ZMRZoMyeIjZAgcfl7p92ldGxad68LJZdL17lhWy','胡明','15237261482',1,'USER',242,18,9,15,1026,10242.9,1,'2026-02-13','2026-01-05 16:00:00'),
(67,'lin165','$2a$10$N9qo8uLOickgx2ZMRZoMyeIjZAgcfl7p92ldGxad68LJZdL17lhWy','林雪','15849450814',2,'USER',302,13,8,14,728,3967.6,1,'2026-02-10','2025-12-03 16:00:00'),
(68,'guo166','$2a$10$N9qo8uLOickgx2ZMRZoMyeIjZAgcfl7p92ldGxad68LJZdL17lhWy','郭海','15994927467',1,'USER',460,27,4,6,1566,13180.5,1,'2026-02-14','2026-01-03 16:00:00'),
(69,'he167','$2a$10$N9qo8uLOickgx2ZMRZoMyeIjZAgcfl7p92ldGxad68LJZdL17lhWy','何建','18624624772',1,'USER',157,5,1,1,175,1216.3,1,'2026-02-11','2025-12-25 16:00:00'),
(70,'luo168','$2a$10$N9qo8uLOickgx2ZMRZoMyeIjZAgcfl7p92ldGxad68LJZdL17lhWy','罗桂','18742213378',2,'USER',549,48,2,2,3312,31022.4,1,'2026-02-12','2025-12-10 16:00:00'),
(71,'gao169','$2a$10$N9qo8uLOickgx2ZMRZoMyeIjZAgcfl7p92ldGxad68LJZdL17lhWy','高宇','18899087764',1,'USER',185,11,11,12,638,4136.4,1,'2026-02-12','2026-01-03 16:00:00'),
(72,'zheng170','$2a$10$N9qo8uLOickgx2ZMRZoMyeIjZAgcfl7p92ldGxad68LJZdL17lhWy','郑成','13582421503',1,'USER',218,12,6,12,792,7484.4,1,'2026-02-12','2026-01-09 16:00:00'),
(73,'liang171','$2a$10$N9qo8uLOickgx2ZMRZoMyeIjZAgcfl7p92ldGxad68LJZdL17lhWy','梁兰','13641502248',2,'USER',555,36,15,21,1980,12210,1,'2026-02-11','2026-01-15 16:00:00'),
(74,'xie172','$2a$10$N9qo8uLOickgx2ZMRZoMyeIjZAgcfl7p92ldGxad68LJZdL17lhWy','谢军','13731443280',1,'USER',799,60,8,15,1800,13800,1,'2026-02-10','2025-12-05 16:00:00'),
(75,'song173','$2a$10$N9qo8uLOickgx2ZMRZoMyeIjZAgcfl7p92ldGxad68LJZdL17lhWy','宋杰','18253750606',1,'USER',846,68,11,18,2992,18849.6,1,'2026-02-13','2025-12-20 16:00:00'),
(76,'tang174','$2a$10$N9qo8uLOickgx2ZMRZoMyeIjZAgcfl7p92ldGxad68LJZdL17lhWy','唐春','18324554045',2,'USER',225,6,1,5,228,2097.6,1,'2026-02-13','2026-01-05 16:00:00'),
(77,'han175','$2a$10$N9qo8uLOickgx2ZMRZoMyeIjZAgcfl7p92ldGxad68LJZdL17lhWy','韩飞','13895035001',1,'USER',209,14,8,15,882,6468,1,'2026-02-11','2026-01-05 16:00:00'),
(78,'deng176','$2a$10$N9qo8uLOickgx2ZMRZoMyeIjZAgcfl7p92ldGxad68LJZdL17lhWy','邓鹏','13935081310',1,'USER',916,84,1,2,5544,30769.2,1,'2026-02-10','2025-12-19 16:00:00'),
(79,'feng177','$2a$10$N9qo8uLOickgx2ZMRZoMyeIjZAgcfl7p92ldGxad68LJZdL17lhWy','冯云','15023951988',2,'USER',830,74,13,15,2516,22140.8,1,'2026-02-10','2025-11-20 16:00:00'),
(80,'cao178','$2a$10$N9qo8uLOickgx2ZMRZoMyeIjZAgcfl7p92ldGxad68LJZdL17lhWy','曹武','15136264728',1,'USER',347,20,2,7,660,4400,1,'2026-02-14','2025-11-17 16:00:00'),
(81,'peng179','$2a$10$N9qo8uLOickgx2ZMRZoMyeIjZAgcfl7p92ldGxad68LJZdL17lhWy','彭文','15288768308',1,'USER',751,62,4,9,4154,41401.5,1,'2026-02-13','2025-11-25 16:00:00');

INSERT INTO `user` (`id`,`username`,`password`,`nickname`,`phone`,`gender`,`role`,`points`,`total_checkins`,`consecutive_days`,`max_consecutive`,`total_duration`,`total_calories`,`status`,`last_checkin_date`,`create_time`) VALUES
(82,'zeng180','$2a$10$N9qo8uLOickgx2ZMRZoMyeIjZAgcfl7p92ldGxad68LJZdL17lhWy','曾芳','15886326059',2,'USER',946,84,15,24,2772,20420.4,1,'2026-02-12','2025-12-11 16:00:00'),
(83,'xiao181','$2a$10$N9qo8uLOickgx2ZMRZoMyeIjZAgcfl7p92ldGxad68LJZdL17lhWy','肖强','15962861250',1,'USER',790,70,7,7,4340,41808.7,1,'2026-02-14','2025-11-21 16:00:00'),
(84,'tian182','$2a$10$N9qo8uLOickgx2ZMRZoMyeIjZAgcfl7p92ldGxad68LJZdL17lhWy','田磊','18694024087',1,'USER',395,25,9,18,1025,8866.3,1,'2026-02-13','2026-01-09 16:00:00'),
(85,'dong183','$2a$10$N9qo8uLOickgx2ZMRZoMyeIjZAgcfl7p92ldGxad68LJZdL17lhWy','董秀','18744239042',2,'USER',258,23,12,18,1380,9913,1,'2026-02-10','2026-01-05 16:00:00'),
(86,'pan184','$2a$10$N9qo8uLOickgx2ZMRZoMyeIjZAgcfl7p92ldGxad68LJZdL17lhWy','潘明','18884735530',1,'USER',739,68,5,10,2584,15547.1,1,'2026-02-11','2025-12-20 16:00:00'),
(87,'yuan185','$2a$10$N9qo8uLOickgx2ZMRZoMyeIjZAgcfl7p92ldGxad68LJZdL17lhWy','袁志','13571291802',1,'USER',400,32,14,21,1856,13146.7,1,'2026-02-13','2025-11-20 16:00:00'),
(88,'yu186','$2a$10$N9qo8uLOickgx2ZMRZoMyeIjZAgcfl7p92ldGxad68LJZdL17lhWy','于琴','13657939882',2,'USER',610,55,11,17,1650,10972.5,1,'2026-02-14','2026-01-11 16:00:00'),
(89,'jiang187','$2a$10$N9qo8uLOickgx2ZMRZoMyeIjZAgcfl7p92ldGxad68LJZdL17lhWy','姜建','13788433938',1,'USER',484,41,9,16,2706,13665.3,1,'2026-02-11','2025-12-21 16:00:00'),
(90,'cai188','$2a$10$N9qo8uLOickgx2ZMRZoMyeIjZAgcfl7p92ldGxad68LJZdL17lhWy','蔡国','18284825986',1,'USER',512,50,6,14,2750,21175,1,'2026-02-14','2025-12-23 16:00:00'),
(91,'jia189','$2a$10$N9qo8uLOickgx2ZMRZoMyeIjZAgcfl7p92ldGxad68LJZdL17lhWy','贾莉','18342339858',2,'USER',656,57,6,9,3192,22131.2,1,'2026-02-11','2025-12-29 16:00:00'),
(92,'ding190','$2a$10$N9qo8uLOickgx2ZMRZoMyeIjZAgcfl7p92ldGxad68LJZdL17lhWy','丁成','13832145494',1,'USER',353,25,15,21,1250,6458.3,1,'2026-02-12','2025-12-17 16:00:00'),
(93,'wei191','$2a$10$N9qo8uLOickgx2ZMRZoMyeIjZAgcfl7p92ldGxad68LJZdL17lhWy','魏超','13963424345',1,'USER',865,79,8,15,3634,30343.9,1,'2026-02-14','2025-12-26 16:00:00'),
(94,'xue192','$2a$10$N9qo8uLOickgx2ZMRZoMyeIjZAgcfl7p92ldGxad68LJZdL17lhWy','薛翠','15030624605',2,'USER',751,72,6,13,4824,47114.4,1,'2026-02-13','2025-11-19 16:00:00'),
(95,'ye193','$2a$10$N9qo8uLOickgx2ZMRZoMyeIjZAgcfl7p92ldGxad68LJZdL17lhWy','叶杰','15120931596',1,'USER',419,24,8,8,1296,8812.8,1,'2026-02-11','2025-12-20 16:00:00'),
(96,'yan194','$2a$10$N9qo8uLOickgx2ZMRZoMyeIjZAgcfl7p92ldGxad68LJZdL17lhWy','闫涛','15264285557',1,'USER',550,52,1,7,2236,20496.7,1,'2026-02-14','2026-01-15 16:00:00'),
(97,'lu195','$2a$10$N9qo8uLOickgx2ZMRZoMyeIjZAgcfl7p92ldGxad68LJZdL17lhWy','陆莲','15857976737',2,'USER',766,64,8,11,1920,10336,1,'2026-02-12','2025-12-18 16:00:00'),
(98,'ren196','$2a$10$N9qo8uLOickgx2ZMRZoMyeIjZAgcfl7p92ldGxad68LJZdL17lhWy','任鹏','15919973268',1,'USER',845,80,10,12,4560,29412,1,'2026-02-12','2026-01-14 16:00:00'),
(99,'yao197','$2a$10$N9qo8uLOickgx2ZMRZoMyeIjZAgcfl7p92ldGxad68LJZdL17lhWy','姚宁','18638711328',1,'USER',502,32,4,4,1152,10886.4,1,'2026-02-10','2025-12-12 16:00:00'),
(100,'shen198','$2a$10$N9qo8uLOickgx2ZMRZoMyeIjZAgcfl7p92ldGxad68LJZdL17lhWy','沈玲','18718930150',2,'USER',256,23,1,1,805,4991,1,'2026-02-11','2025-12-10 16:00:00'),
(101,'zhong199','$2a$10$N9qo8uLOickgx2ZMRZoMyeIjZAgcfl7p92ldGxad68LJZdL17lhWy','钟文','18837336237',1,'USER',389,21,7,15,945,9087.8,1,'2026-02-13','2025-12-09 16:00:00');

INSERT INTO `user` (`id`,`username`,`password`,`nickname`,`phone`,`gender`,`role`,`points`,`total_checkins`,`consecutive_days`,`max_consecutive`,`total_duration`,`total_calories`,`status`,`last_checkin_date`,`create_time`) VALUES
(102,'zhang200','$2a$10$N9qo8uLOickgx2ZMRZoMyeIjZAgcfl7p92ldGxad68LJZdL17lhWy','张伟','13539307103',1,'USER',514,32,4,12,2112,17776,1,'2026-02-10','2026-01-15 16:00:00'),
(103,'wang201','$2a$10$N9qo8uLOickgx2ZMRZoMyeIjZAgcfl7p92ldGxad68LJZdL17lhWy','王娜','13616596732',2,'USER',729,68,12,20,2516,21679.5,1,'2026-02-10','2025-12-23 16:00:00'),
(104,'li202','$2a$10$N9qo8uLOickgx2ZMRZoMyeIjZAgcfl7p92ldGxad68LJZdL17lhWy','李磊','13795758876',1,'USER',729,53,5,11,1961,14446,1,'2026-02-13','2025-11-30 16:00:00'),
(105,'zhao203','$2a$10$N9qo8uLOickgx2ZMRZoMyeIjZAgcfl7p92ldGxad68LJZdL17lhWy','赵浩','18295346774',1,'USER',852,74,14,22,3478,23302.6,1,'2026-02-13','2025-11-28 16:00:00'),
(106,'liu204','$2a$10$N9qo8uLOickgx2ZMRZoMyeIjZAgcfl7p92ldGxad68LJZdL17lhWy','刘丽','18390118675',2,'USER',226,16,10,10,1024,5785.6,1,'2026-02-12','2025-11-27 16:00:00'),
(107,'chen205','$2a$10$N9qo8uLOickgx2ZMRZoMyeIjZAgcfl7p92ldGxad68LJZdL17lhWy','陈志','13832859150',1,'USER',724,55,4,12,2035,10989,1,'2026-02-12','2026-01-13 16:00:00'),
(108,'yang206','$2a$10$N9qo8uLOickgx2ZMRZoMyeIjZAgcfl7p92ldGxad68LJZdL17lhWy','杨海','13959615965',1,'USER',577,55,11,12,1980,18150,1,'2026-02-13','2025-11-23 16:00:00'),
(109,'huang207','$2a$10$N9qo8uLOickgx2ZMRZoMyeIjZAgcfl7p92ldGxad68LJZdL17lhWy','黄媛','15036396096',2,'USER',293,15,11,13,855,5073,1,'2026-02-11','2025-12-12 16:00:00'),
(110,'wu208','$2a$10$N9qo8uLOickgx2ZMRZoMyeIjZAgcfl7p92ldGxad68LJZdL17lhWy','吴国','15185423534',1,'USER',338,18,8,14,774,3947.4,1,'2026-02-14','2026-01-07 16:00:00'),
(111,'zhou209','$2a$10$N9qo8uLOickgx2ZMRZoMyeIjZAgcfl7p92ldGxad68LJZdL17lhWy','周宇','15283493741',1,'USER',377,27,1,6,1593,11097.9,1,'2026-02-12','2025-12-29 16:00:00');

-- ========== Checkin Records (500+ records) ==========
INSERT INTO `checkin_record` (`user_id`,`sport_type_id`,`checkin_date`,`duration`,`distance`,`calories`,`remark`,`points_earned`,`create_time`) VALUES
(2,1,'2026-02-14',54,14.68,540.0,'早晨跑步感觉很棒',10,'2026-02-14 16:23:51'),
(3,2,'2026-02-13',77,9.99,385.0,'今天天气很好适合运动',10,'2026-02-13 07:48:23'),
(4,3,'2026-02-13',65,10.97,541.7,'坚持就是胜利',10,'2026-02-13 19:45:46'),
(5,4,'2026-02-13',23,0.00,268.3,'今天状态不错',10,'2026-02-13 08:14:20'),
(6,5,'2026-02-12',99,0.00,412.5,'和朋友一起运动',10,'2026-02-12 13:26:03'),
(7,6,'2026-02-13',22,0.00,201.7,'雨天室内训练',10,'2026-02-13 11:07:36'),
(8,7,'2026-02-12',56,0.00,420.0,'周末加练',10,'2026-02-12 11:32:29'),
(9,8,'2026-02-14',21,0.00,175.0,'晚上夜跑很舒服',10,'2026-02-14 13:50:42'),
(10,1,'2026-02-12',43,11.81,430.0,'今天稍微有点累',10,'2026-02-12 08:35:44'),
(11,2,'2026-02-13',94,5.48,470.0,'新路线风景很美',10,'2026-02-13 06:21:33'),
(12,3,'2026-02-14',61,7.34,508.3,'打卡第100天',10,'2026-02-14 09:09:16'),
(13,4,'2026-02-12',36,0.00,420.0,'全力冲刺',10,'2026-02-12 18:06:09'),
(14,5,'2026-02-12',90,0.00,375.0,'公园慢跑放松心情',10,'2026-02-12 09:44:42'),
(15,6,'2026-02-12',60,0.00,550.0,'健身房器械训练',10,'2026-02-12 16:06:32'),
(16,7,'2026-02-12',24,0.00,180.0,'游泳池人不多很爽',10,'2026-02-12 19:05:08'),
(17,8,'2026-02-14',78,0.00,650.0,'羽毛球双打赢了',10,'2026-02-14 10:00:39'),
(18,1,'2026-02-13',97,10.94,970.0,'篓球赛很激烈',10,'2026-02-13 14:44:18'),
(19,2,'2026-02-12',27,11.23,135.0,'瑜伽课很放松',10,'2026-02-12 10:48:23'),
(20,3,'2026-02-12',52,2.22,433.3,'骑行环湖一周',10,'2026-02-12 06:32:09'),
(21,4,'2026-02-13',71,0.00,828.3,'健走万步达标',10,'2026-02-13 13:18:12'),
(22,5,'2026-02-14',97,0.00,404.2,'今天破了个人记录',10,'2026-02-14 08:47:05'),
(23,6,'2026-02-14',29,0.00,265.8,'大汗淋漓很爽快',10,'2026-02-14 13:22:03'),
(24,7,'2026-02-12',37,0.00,277.5,'带孩子一起运动',10,'2026-02-12 19:49:19'),
(25,8,'2026-02-12',33,0.00,275.0,'下班后慢跑半小时',10,'2026-02-12 17:42:39'),
(26,1,'2026-02-12',31,15.62,310.0,'周日爱家健身日',10,'2026-02-12 18:50:04');

INSERT INTO `checkin_record` (`user_id`,`sport_type_id`,`checkin_date`,`duration`,`distance`,`calories`,`remark`,`points_earned`,`create_time`) VALUES
(27,2,'2026-02-14',43,6.70,215.0,'早晨跑步感觉很棒',10,'2026-02-14 16:46:12'),
(28,3,'2026-02-14',71,12.05,591.7,'今天天气很好适合运动',10,'2026-02-14 09:16:10'),
(29,4,'2026-02-14',90,0.00,1050.0,'坚持就是胜利',10,'2026-02-14 06:21:47'),
(30,5,'2026-02-14',64,0.00,266.7,'今天状态不错',10,'2026-02-14 10:19:33'),
(31,6,'2026-02-13',50,0.00,458.3,'和朋友一起运动',10,'2026-02-13 16:23:47'),
(32,7,'2026-02-14',36,0.00,270.0,'雨天室内训练',10,'2026-02-14 15:27:30'),
(33,8,'2026-02-14',33,0.00,275.0,'周末加练',10,'2026-02-14 13:39:55'),
(34,1,'2026-02-13',88,13.41,880.0,'晚上夜跑很舒服',10,'2026-02-13 07:17:52'),
(35,2,'2026-02-12',59,5.67,295.0,'今天稍微有点累',10,'2026-02-12 18:44:02'),
(36,3,'2026-02-12',42,3.93,350.0,'新路线风景很美',10,'2026-02-12 06:02:24'),
(37,4,'2026-02-13',70,0.00,816.7,'打卡第100天',10,'2026-02-13 14:56:14'),
(38,5,'2026-02-12',49,0.00,204.2,'全力冲刺',10,'2026-02-12 13:23:30'),
(39,6,'2026-02-14',83,0.00,760.8,'公园慢跑放松心情',10,'2026-02-14 09:53:13'),
(40,7,'2026-02-13',91,0.00,682.5,'健身房器械训练',10,'2026-02-13 19:42:49'),
(41,8,'2026-02-12',37,0.00,308.3,'游泳池人不多很爽',10,'2026-02-12 19:59:46'),
(42,1,'2026-02-13',73,7.18,730.0,'羽毛球双打赢了',10,'2026-02-13 18:15:07'),
(43,2,'2026-02-13',52,5.47,260.0,'篓球赛很激烈',10,'2026-02-13 14:38:22'),
(44,3,'2026-02-14',86,9.93,716.7,'瑜伽课很放松',10,'2026-02-14 09:23:59'),
(45,4,'2026-02-12',80,0.00,933.3,'骑行环湖一周',10,'2026-02-12 16:47:21'),
(46,5,'2026-02-12',41,0.00,170.8,'健走万步达标',10,'2026-02-12 17:47:56'),
(47,6,'2026-02-12',61,0.00,559.2,'今天破了个人记录',10,'2026-02-12 14:03:36'),
(48,7,'2026-02-13',23,0.00,172.5,'大汗淋漓很爽快',10,'2026-02-13 13:55:53'),
(49,8,'2026-02-13',81,0.00,675.0,'带孩子一起运动',10,'2026-02-13 12:25:21'),
(50,1,'2026-02-14',71,2.23,710.0,'下班后慢跑半小时',10,'2026-02-14 08:50:22'),
(51,2,'2026-02-14',95,8.99,475.0,'周日爱家健身日',10,'2026-02-14 10:33:40');

INSERT INTO `checkin_record` (`user_id`,`sport_type_id`,`checkin_date`,`duration`,`distance`,`calories`,`remark`,`points_earned`,`create_time`) VALUES
(52,3,'2026-02-14',24,8.11,200.0,'早晨跑步感觉很棒',10,'2026-02-14 08:36:02'),
(53,4,'2026-02-14',73,0.00,851.7,'今天天气很好适合运动',10,'2026-02-14 13:22:26'),
(54,5,'2026-02-12',95,0.00,395.8,'坚持就是胜利',10,'2026-02-12 11:22:39'),
(55,6,'2026-02-13',28,0.00,256.7,'今天状态不错',10,'2026-02-13 16:38:13'),
(56,7,'2026-02-12',69,0.00,517.5,'和朋友一起运动',10,'2026-02-12 08:02:35'),
(57,8,'2026-02-13',48,0.00,400.0,'雨天室内训练',10,'2026-02-13 08:23:59'),
(58,1,'2026-02-14',53,15.88,530.0,'周末加练',10,'2026-02-14 19:52:41'),
(59,2,'2026-02-12',49,8.51,245.0,'晚上夜跑很舒服',10,'2026-02-12 13:07:18'),
(60,3,'2026-02-14',83,4.14,691.7,'今天稍微有点累',10,'2026-02-14 19:35:05'),
(61,4,'2026-02-14',71,0.00,828.3,'新路线风景很美',10,'2026-02-14 16:42:15'),
(62,5,'2026-02-13',87,0.00,362.5,'打卡第100天',10,'2026-02-13 13:29:54'),
(63,6,'2026-02-13',89,0.00,815.8,'全力冲刺',10,'2026-02-13 13:20:00'),
(64,7,'2026-02-12',76,0.00,570.0,'公园慢跑放松心情',10,'2026-02-12 19:03:13'),
(65,8,'2026-02-14',96,0.00,800.0,'健身房器械训练',10,'2026-02-14 08:41:52'),
(66,1,'2026-02-12',92,9.93,920.0,'游泳池人不多很爽',10,'2026-02-12 13:15:21'),
(67,2,'2026-02-12',62,2.91,310.0,'羽毛球双打赢了',10,'2026-02-12 17:58:49'),
(68,3,'2026-02-14',62,4.19,516.7,'篓球赛很激烈',10,'2026-02-14 09:16:21'),
(69,4,'2026-02-12',68,0.00,793.3,'瑜伽课很放松',10,'2026-02-12 09:41:11'),
(70,5,'2026-02-12',80,0.00,333.3,'骑行环湖一周',10,'2026-02-12 14:42:21'),
(71,6,'2026-02-12',48,0.00,440.0,'健走万步达标',10,'2026-02-12 14:15:34'),
(72,7,'2026-02-14',59,0.00,442.5,'今天破了个人记录',10,'2026-02-14 06:17:46'),
(73,8,'2026-02-13',39,0.00,325.0,'大汗淋漓很爽快',10,'2026-02-13 09:24:21'),
(74,1,'2026-02-14',28,6.34,280.0,'带孩子一起运动',10,'2026-02-14 15:01:36'),
(75,2,'2026-02-14',67,8.46,335.0,'下班后慢跑半小时',10,'2026-02-14 06:48:04'),
(76,3,'2026-02-14',62,6.14,516.7,'周日爱家健身日',10,'2026-02-14 17:23:54');

INSERT INTO `checkin_record` (`user_id`,`sport_type_id`,`checkin_date`,`duration`,`distance`,`calories`,`remark`,`points_earned`,`create_time`) VALUES
(77,4,'2026-02-13',36,0.00,420.0,'早晨跑步感觉很棒',10,'2026-02-13 08:55:50'),
(78,5,'2026-02-13',42,0.00,175.0,'今天天气很好适合运动',10,'2026-02-13 08:31:12'),
(79,6,'2026-02-14',74,0.00,678.3,'坚持就是胜利',10,'2026-02-14 17:21:43'),
(80,7,'2026-02-14',61,0.00,457.5,'今天状态不错',10,'2026-02-14 14:17:42'),
(81,8,'2026-02-12',71,0.00,591.7,'和朋友一起运动',10,'2026-02-12 13:08:36'),
(82,1,'2026-02-12',29,1.75,290.0,'雨天室内训练',10,'2026-02-12 09:07:11'),
(83,2,'2026-02-14',61,4.89,305.0,'周末加练',10,'2026-02-14 19:16:54'),
(84,3,'2026-02-12',28,15.15,233.3,'晚上夜跑很舒服',10,'2026-02-12 08:05:25'),
(85,4,'2026-02-12',48,0.00,560.0,'今天稍微有点累',10,'2026-02-12 16:33:54'),
(86,5,'2026-02-12',31,0.00,129.2,'新路线风景很美',10,'2026-02-12 15:25:30'),
(87,6,'2026-02-13',99,0.00,907.5,'打卡第100天',10,'2026-02-13 11:16:20'),
(88,7,'2026-02-13',75,0.00,562.5,'全力冲刺',10,'2026-02-13 14:59:58'),
(89,8,'2026-02-13',76,0.00,633.3,'公园慢跑放松心情',10,'2026-02-13 07:15:35'),
(90,1,'2026-02-14',94,12.13,940.0,'健身房器械训练',10,'2026-02-14 12:14:42'),
(91,2,'2026-02-12',71,8.98,355.0,'游泳池人不多很爽',10,'2026-02-12 08:35:52'),
(92,3,'2026-02-14',35,7.59,291.7,'羽毛球双打赢了',10,'2026-02-14 15:25:49'),
(93,4,'2026-02-14',84,0.00,980.0,'篓球赛很激烈',10,'2026-02-14 14:08:31'),
(94,5,'2026-02-14',44,0.00,183.3,'瑜伽课很放松',10,'2026-02-14 13:58:47'),
(95,6,'2026-02-13',48,0.00,440.0,'骑行环湖一周',10,'2026-02-13 06:48:04'),
(96,7,'2026-02-14',80,0.00,600.0,'健走万步达标',10,'2026-02-14 18:51:30'),
(97,8,'2026-02-13',35,0.00,291.7,'今天破了个人记录',10,'2026-02-13 18:42:07'),
(98,1,'2026-02-12',68,14.08,680.0,'大汗淋漓很爽快',10,'2026-02-12 15:50:57'),
(99,2,'2026-02-13',57,13.95,285.0,'带孩子一起运动',10,'2026-02-13 07:27:39'),
(100,3,'2026-02-13',30,8.78,250.0,'下班后慢跑半小时',10,'2026-02-13 14:34:31'),
(101,4,'2026-02-14',47,0.00,548.3,'周日爱家健身日',10,'2026-02-14 14:09:46');

INSERT INTO `checkin_record` (`user_id`,`sport_type_id`,`checkin_date`,`duration`,`distance`,`calories`,`remark`,`points_earned`,`create_time`) VALUES
(102,5,'2026-02-13',88,0.00,366.7,'早晨跑步感觉很棒',10,'2026-02-13 07:21:50'),
(103,6,'2026-02-14',34,0.00,311.7,'今天天气很好适合运动',10,'2026-02-14 16:48:55'),
(104,7,'2026-02-13',65,0.00,487.5,'坚持就是胜利',10,'2026-02-13 15:53:52'),
(105,8,'2026-02-12',30,0.00,250.0,'今天状态不错',10,'2026-02-12 16:31:16'),
(106,1,'2026-02-14',70,12.88,700.0,'和朋友一起运动',10,'2026-02-14 11:08:43'),
(107,2,'2026-02-13',70,12.52,350.0,'雨天室内训练',10,'2026-02-13 14:00:42'),
(108,3,'2026-02-14',92,5.43,766.7,'周末加练',10,'2026-02-14 19:14:29'),
(109,4,'2026-02-12',84,0.00,980.0,'晚上夜跑很舒服',10,'2026-02-12 09:54:49'),
(110,5,'2026-02-14',75,0.00,312.5,'今天稍微有点累',10,'2026-02-14 07:40:40'),
(111,6,'2026-02-14',63,0.00,577.5,'新路线风景很美',10,'2026-02-14 06:02:34'),
(2,7,'2026-02-11',20,0.00,150.0,'打卡第100天',10,'2026-02-11 11:15:16'),
(3,8,'2026-02-11',79,0.00,658.3,'全力冲刺',10,'2026-02-11 13:02:43'),
(5,2,'2026-02-11',48,1.20,240.0,'健身房器械训练',10,'2026-02-11 17:48:57'),
(6,3,'2026-02-11',49,9.51,408.3,'游泳池人不多很爽',10,'2026-02-11 13:42:50'),
(7,4,'2026-02-12',42,0.00,490.0,'羽毛球双打赢了',10,'2026-02-12 19:33:38'),
(8,5,'2026-02-11',94,0.00,391.7,'篓球赛很激烈',10,'2026-02-11 06:03:04'),
(9,6,'2026-02-11',57,0.00,522.5,'瑜伽课很放松',10,'2026-02-11 10:57:11'),
(10,7,'2026-02-13',53,0.00,397.5,'骑行环湖一周',10,'2026-02-13 12:42:30'),
(12,1,'2026-02-12',47,5.66,470.0,'今天破了个人记录',10,'2026-02-12 10:19:18'),
(13,2,'2026-02-11',62,4.81,310.0,'大汗淋漓很爽快',10,'2026-02-11 14:20:07'),
(14,3,'2026-02-13',98,7.12,816.7,'带孩子一起运动',10,'2026-02-13 07:05:11'),
(17,6,'2026-02-12',37,0.00,339.2,'早晨跑步感觉很棒',10,'2026-02-12 19:41:55'),
(18,7,'2026-02-11',50,0.00,375.0,'今天天气很好适合运动',10,'2026-02-11 07:54:35'),
(19,8,'2026-02-11',89,0.00,741.7,'坚持就是胜利',10,'2026-02-11 06:45:06'),
(22,3,'2026-02-13',31,13.77,258.3,'雨天室内训练',10,'2026-02-13 12:09:12');

INSERT INTO `checkin_record` (`user_id`,`sport_type_id`,`checkin_date`,`duration`,`distance`,`calories`,`remark`,`points_earned`,`create_time`) VALUES
(23,4,'2026-02-11',45,0.00,525.0,'周末加练',10,'2026-02-11 10:04:43'),
(24,5,'2026-02-13',45,0.00,187.5,'晚上夜跑很舒服',10,'2026-02-13 18:56:14'),
(25,6,'2026-02-11',40,0.00,366.7,'今天稍微有点累',10,'2026-02-11 14:05:51'),
(26,7,'2026-02-11',42,0.00,315.0,'新路线风景很美',10,'2026-02-11 12:02:00'),
(27,8,'2026-02-12',47,0.00,391.7,'打卡第100天',10,'2026-02-12 07:59:54'),
(28,1,'2026-02-13',22,11.80,220.0,'全力冲刺',10,'2026-02-13 11:49:29'),
(29,2,'2026-02-12',80,1.39,400.0,'公园慢跑放松心情',10,'2026-02-12 17:47:31'),
(30,3,'2026-02-13',89,14.50,741.7,'健身房器械训练',10,'2026-02-13 07:29:42'),
(31,4,'2026-02-12',97,0.00,1131.7,'游泳池人不多很爽',10,'2026-02-12 18:23:50'),
(32,5,'2026-02-11',26,0.00,108.3,'羽毛球双打赢了',10,'2026-02-11 08:59:58'),
(33,6,'2026-02-12',43,0.00,394.2,'篓球赛很激烈',10,'2026-02-12 19:46:45'),
(36,1,'2026-02-11',81,1.27,810.0,'健走万步达标',10,'2026-02-11 14:34:08'),
(37,2,'2026-02-11',23,2.69,115.0,'今天破了个人记录',10,'2026-02-11 14:38:19'),
(39,4,'2026-02-13',51,0.00,595.0,'带孩子一起运动',10,'2026-02-13 19:38:37'),
(42,7,'2026-02-12',64,0.00,480.0,'早晨跑步感觉很棒',10,'2026-02-12 08:02:25'),
(43,8,'2026-02-11',50,0.00,416.7,'今天天气很好适合运动',10,'2026-02-11 15:41:17'),
(44,1,'2026-02-12',54,8.38,540.0,'坚持就是胜利',10,'2026-02-12 19:19:32'),
(45,2,'2026-02-13',77,9.40,385.0,'今天状态不错',10,'2026-02-13 19:28:11'),
(48,5,'2026-02-12',50,0.00,208.3,'周末加练',10,'2026-02-12 16:39:12'),
(50,7,'2026-02-11',60,0.00,450.0,'今天稍微有点累',10,'2026-02-11 08:01:37'),
(51,8,'2026-02-12',50,0.00,416.7,'新路线风景很美',10,'2026-02-12 19:12:42'),
(52,1,'2026-02-11',35,1.78,350.0,'打卡第100天',10,'2026-02-11 14:55:26'),
(53,2,'2026-02-11',36,12.77,180.0,'全力冲刺',10,'2026-02-11 17:18:00'),
(57,6,'2026-02-11',64,0.00,586.7,'羽毛球双打赢了',10,'2026-02-11 18:12:31'),
(58,7,'2026-02-12',35,0.00,262.5,'篓球赛很激烈',10,'2026-02-12 06:30:48');

INSERT INTO `checkin_record` (`user_id`,`sport_type_id`,`checkin_date`,`duration`,`distance`,`calories`,`remark`,`points_earned`,`create_time`) VALUES
(60,1,'2026-02-12',32,10.14,320.0,'骑行环湖一周',10,'2026-02-12 13:29:33'),
(61,2,'2026-02-13',37,4.02,185.0,'健走万步达标',10,'2026-02-13 14:13:45'),
(63,4,'2026-02-11',61,0.00,711.7,'大汗淋漓很爽快',10,'2026-02-11 12:30:32'),
(64,5,'2026-02-11',39,0.00,162.5,'带孩子一起运动',10,'2026-02-11 07:39:23'),
(65,6,'2026-02-11',81,0.00,742.5,'下班后慢跑半小时',10,'2026-02-11 07:46:29'),
(66,7,'2026-02-13',85,0.00,637.5,'周日爱家健身日',10,'2026-02-13 08:15:49'),
(67,8,'2026-02-13',44,0.00,366.7,'早晨跑步感觉很棒',10,'2026-02-13 08:03:08'),
(68,1,'2026-02-13',70,1.95,700.0,'今天天气很好适合运动',10,'2026-02-13 17:26:32'),
(69,2,'2026-02-13',88,15.94,440.0,'坚持就是胜利',10,'2026-02-13 09:03:57'),
(70,3,'2026-02-11',75,8.56,625.0,'今天状态不错',10,'2026-02-11 15:28:11'),
(72,5,'2026-02-11',70,0.00,291.7,'雨天室内训练',10,'2026-02-11 07:23:56'),
(73,6,'2026-02-11',97,0.00,889.2,'周末加练',10,'2026-02-11 11:07:21'),
(74,7,'2026-02-12',31,0.00,232.5,'晚上夜跑很舒服',10,'2026-02-12 16:39:45'),
(75,8,'2026-02-12',45,0.00,375.0,'今天稍微有点累',10,'2026-02-12 08:10:40'),
(76,1,'2026-02-12',72,1.43,720.0,'新路线风景很美',10,'2026-02-12 17:39:14'),
(77,2,'2026-02-12',54,12.70,270.0,'打卡第100天',10,'2026-02-12 19:06:07'),
(78,3,'2026-02-11',47,15.67,391.7,'全力冲刺',10,'2026-02-11 09:25:55'),
(79,4,'2026-02-11',28,0.00,326.7,'公园慢跑放松心情',10,'2026-02-11 12:00:20'),
(80,5,'2026-02-12',52,0.00,216.7,'健身房器械训练',10,'2026-02-12 14:57:29'),
(83,8,'2026-02-11',35,0.00,291.7,'篓球赛很激烈',10,'2026-02-11 08:06:16'),
(84,1,'2026-02-13',61,3.00,610.0,'瑜伽课很放松',10,'2026-02-13 16:54:25'),
(85,2,'2026-02-13',26,15.60,130.0,'骑行环湖一周',10,'2026-02-13 18:39:48'),
(86,3,'2026-02-13',28,10.79,233.3,'健走万步达标',10,'2026-02-13 06:24:36'),
(89,6,'2026-02-11',56,0.00,513.3,'带孩子一起运动',10,'2026-02-11 07:23:08'),
(90,7,'2026-02-11',31,0.00,232.5,'下班后慢跑半小时',10,'2026-02-11 10:59:15');

INSERT INTO `checkin_record` (`user_id`,`sport_type_id`,`checkin_date`,`duration`,`distance`,`calories`,`remark`,`points_earned`,`create_time`) VALUES
(92,1,'2026-02-13',36,11.03,360.0,'早晨跑步感觉很棒',10,'2026-02-13 13:56:46'),
(93,2,'2026-02-13',78,9.96,390.0,'今天天气很好适合运动',10,'2026-02-13 11:15:29'),
(94,3,'2026-02-11',48,15.71,400.0,'坚持就是胜利',10,'2026-02-11 06:30:40'),
(96,5,'2026-02-11',48,0.00,200.0,'和朋友一起运动',10,'2026-02-11 19:47:24'),
(97,6,'2026-02-12',25,0.00,229.2,'雨天室内训练',10,'2026-02-12 16:48:21'),
(98,7,'2026-02-13',80,0.00,600.0,'周末加练',10,'2026-02-13 06:29:15'),
(99,8,'2026-02-12',51,0.00,425.0,'晚上夜跑很舒服',10,'2026-02-12 06:20:32'),
(100,1,'2026-02-11',56,10.89,560.0,'今天稍微有点累',10,'2026-02-11 11:45:29'),
(101,2,'2026-02-11',41,5.86,205.0,'新路线风景很美',10,'2026-02-11 14:57:17'),
(103,4,'2026-02-13',43,0.00,501.7,'全力冲刺',10,'2026-02-13 09:22:05'),
(104,5,'2026-02-12',50,0.00,208.3,'公园慢跑放松心情',10,'2026-02-12 18:39:54'),
(106,7,'2026-02-12',79,0.00,592.5,'游泳池人不多很爽',10,'2026-02-12 15:52:35'),
(108,1,'2026-02-12',99,5.82,990.0,'篓球赛很激烈',10,'2026-02-12 06:48:22'),
(110,3,'2026-02-11',50,3.05,416.7,'骑行环湖一周',10,'2026-02-11 08:26:30'),
(111,4,'2026-02-13',49,0.00,571.7,'健走万步达标',10,'2026-02-13 07:01:14'),
(2,5,'2026-02-12',73,0.00,304.2,'今天破了个人记录',10,'2026-02-12 07:51:54'),
(3,6,'2026-02-12',81,0.00,742.5,'大汗淋漓很爽快',10,'2026-02-12 19:25:04'),
(4,7,'2026-02-10',57,0.00,427.5,'带孩子一起运动',10,'2026-02-10 17:50:17'),
(5,8,'2026-02-10',32,0.00,266.7,'下班后慢跑半小时',10,'2026-02-10 17:00:23'),
(8,3,'2026-02-10',98,1.20,816.7,'今天天气很好适合运动',10,'2026-02-10 10:22:48'),
(10,5,'2026-02-11',79,0.00,329.2,'今天状态不错',10,'2026-02-11 12:14:39'),
(11,6,'2026-02-12',72,0.00,660.0,'和朋友一起运动',10,'2026-02-12 10:39:00'),
(12,7,'2026-02-10',36,0.00,270.0,'雨天室内训练',10,'2026-02-10 08:40:38'),
(13,8,'2026-02-10',46,0.00,383.3,'周末加练',10,'2026-02-10 19:26:09'),
(14,1,'2026-02-10',68,9.32,680.0,'晚上夜跑很舒服',10,'2026-02-10 16:45:44');

INSERT INTO `checkin_record` (`user_id`,`sport_type_id`,`checkin_date`,`duration`,`distance`,`calories`,`remark`,`points_earned`,`create_time`) VALUES
(15,2,'2026-02-11',95,14.45,475.0,'今天稍微有点累',10,'2026-02-11 19:41:00'),
(16,3,'2026-02-11',52,3.81,433.3,'新路线风景很美',10,'2026-02-11 10:17:02'),
(17,4,'2026-02-10',36,0.00,420.0,'打卡第100天',10,'2026-02-10 09:21:04'),
(19,6,'2026-02-10',24,0.00,220.0,'公园慢跑放松心情',10,'2026-02-10 19:05:31'),
(21,8,'2026-02-12',69,0.00,575.0,'游泳池人不多很爽',10,'2026-02-12 10:27:20'),
(22,1,'2026-02-11',37,10.46,370.0,'羽毛球双打赢了',10,'2026-02-11 17:38:29'),
(23,2,'2026-02-10',83,4.28,415.0,'篓球赛很激烈',10,'2026-02-10 14:23:34'),
(24,3,'2026-02-11',88,7.86,733.3,'瑜伽课很放松',10,'2026-02-11 16:08:26'),
(25,4,'2026-02-10',37,0.00,431.7,'骑行环湖一周',10,'2026-02-10 14:49:23'),
(28,7,'2026-02-10',61,0.00,457.5,'大汗淋漓很爽快',10,'2026-02-10 17:54:52'),
(30,1,'2026-02-12',56,10.13,560.0,'下班后慢跑半小时',10,'2026-02-12 18:48:39'),
(31,2,'2026-02-11',97,4.43,485.0,'周日爱家健身日',10,'2026-02-11 06:23:05'),
(32,3,'2026-02-12',59,6.53,491.7,'早晨跑步感觉很棒',10,'2026-02-12 11:36:14'),
(33,4,'2026-02-11',61,0.00,711.7,'今天天气很好适合运动',10,'2026-02-11 11:16:45'),
(34,5,'2026-02-10',55,0.00,229.2,'坚持就是胜利',10,'2026-02-10 08:11:02'),
(36,7,'2026-02-10',75,0.00,562.5,'和朋友一起运动',10,'2026-02-10 15:29:43'),
(37,8,'2026-02-10',90,0.00,750.0,'雨天室内训练',10,'2026-02-10 11:47:53'),
(39,2,'2026-02-10',41,14.71,205.0,'晚上夜跑很舒服',10,'2026-02-10 14:10:29'),
(40,3,'2026-02-12',28,11.76,233.3,'今天稍微有点累',10,'2026-02-12 19:38:09'),
(41,4,'2026-02-10',47,0.00,548.3,'新路线风景很美',10,'2026-02-10 09:57:56'),
(42,5,'2026-02-10',67,0.00,279.2,'打卡第100天',10,'2026-02-10 17:56:18'),
(44,7,'2026-02-11',76,0.00,570.0,'公园慢跑放松心情',10,'2026-02-11 09:48:37'),
(45,8,'2026-02-11',43,0.00,358.3,'健身房器械训练',10,'2026-02-11 10:11:02'),
(46,1,'2026-02-11',62,11.09,620.0,'游泳池人不多很爽',10,'2026-02-11 19:54:16'),
(47,2,'2026-02-11',21,9.13,105.0,'羽毛球双打赢了',10,'2026-02-11 06:35:54');

INSERT INTO `checkin_record` (`user_id`,`sport_type_id`,`checkin_date`,`duration`,`distance`,`calories`,`remark`,`points_earned`,`create_time`) VALUES
(48,3,'2026-02-11',86,10.11,716.7,'篓球赛很激烈',10,'2026-02-11 14:36:09'),
(49,4,'2026-02-10',81,0.00,945.0,'瑜伽课很放松',10,'2026-02-10 11:44:53'),
(50,5,'2026-02-10',85,0.00,354.2,'骑行环湖一周',10,'2026-02-10 06:53:37'),
(51,6,'2026-02-11',34,0.00,311.7,'健走万步达标',10,'2026-02-11 09:38:51'),
(54,1,'2026-02-11',74,2.66,740.0,'带孩子一起运动',10,'2026-02-11 14:10:01'),
(55,2,'2026-02-12',69,6.55,345.0,'下班后慢跑半小时',10,'2026-02-12 15:24:26'),
(56,3,'2026-02-10',47,15.65,391.7,'周日爱家健身日',10,'2026-02-10 19:07:55'),
(57,4,'2026-02-10',57,0.00,665.0,'早晨跑步感觉很棒',10,'2026-02-10 19:18:02'),
(59,6,'2026-02-10',26,0.00,238.3,'坚持就是胜利',10,'2026-02-10 17:07:42'),
(60,7,'2026-02-11',33,0.00,247.5,'今天状态不错',10,'2026-02-11 14:41:26'),
(61,8,'2026-02-11',27,0.00,225.0,'和朋友一起运动',10,'2026-02-11 11:34:22'),
(62,1,'2026-02-10',54,2.62,540.0,'雨天室内训练',10,'2026-02-10 10:11:17'),
(64,3,'2026-02-10',66,12.69,550.0,'晚上夜跑很舒服',10,'2026-02-10 18:04:34'),
(65,4,'2026-02-10',78,0.00,910.0,'今天稍微有点累',10,'2026-02-10 09:01:24'),
(67,6,'2026-02-11',67,0.00,614.2,'打卡第100天',10,'2026-02-11 12:25:31'),
(68,7,'2026-02-10',89,0.00,667.5,'全力冲刺',10,'2026-02-10 10:09:57'),
(69,8,'2026-02-10',35,0.00,291.7,'公园慢跑放松心情',10,'2026-02-10 18:51:49'),
(71,2,'2026-02-10',59,10.15,295.0,'游泳池人不多很爽',10,'2026-02-10 11:05:26'),
(72,3,'2026-02-10',77,13.95,641.7,'羽毛球双打赢了',10,'2026-02-10 10:57:47'),
(73,4,'2026-02-12',46,0.00,536.7,'篓球赛很激烈',10,'2026-02-12 15:17:25'),
(74,5,'2026-02-10',88,0.00,366.7,'瑜伽课很放松',10,'2026-02-10 10:18:13'),
(78,1,'2026-02-12',93,2.16,930.0,'大汗淋漓很爽快',10,'2026-02-12 07:23:05'),
(79,2,'2026-02-12',63,4.31,315.0,'带孩子一起运动',10,'2026-02-12 17:13:18'),
(80,3,'2026-02-10',43,4.21,358.3,'下班后慢跑半小时',10,'2026-02-10 14:43:56'),
(81,4,'2026-02-10',73,0.00,851.7,'周日爱家健身日',10,'2026-02-10 11:10:21');

INSERT INTO `checkin_record` (`user_id`,`sport_type_id`,`checkin_date`,`duration`,`distance`,`calories`,`remark`,`points_earned`,`create_time`) VALUES
(85,8,'2026-02-11',95,0.00,791.7,'今天状态不错',10,'2026-02-11 15:40:02'),
(86,1,'2026-02-10',36,6.55,360.0,'和朋友一起运动',10,'2026-02-10 11:12:12'),
(87,2,'2026-02-12',37,1.98,185.0,'雨天室内训练',10,'2026-02-12 18:27:45'),
(88,3,'2026-02-10',70,13.12,583.3,'周末加练',10,'2026-02-10 16:20:16'),
(89,4,'2026-02-10',92,0.00,1073.3,'晚上夜跑很舒服',10,'2026-02-10 14:26:44'),
(92,7,'2026-02-11',97,0.00,727.5,'打卡第100天',10,'2026-02-11 09:15:35'),
(93,8,'2026-02-10',85,0.00,708.3,'全力冲刺',10,'2026-02-10 10:08:09'),
(94,1,'2026-02-12',58,2.37,580.0,'公园慢跑放松心情',10,'2026-02-12 16:09:14'),
(95,2,'2026-02-11',81,6.98,405.0,'健身房器械训练',10,'2026-02-11 08:56:50'),
(96,3,'2026-02-10',43,1.44,358.3,'游泳池人不多很爽',10,'2026-02-10 16:25:20'),
(97,4,'2026-02-11',91,0.00,1061.7,'羽毛球双打赢了',10,'2026-02-11 06:45:58'),
(99,6,'2026-02-10',30,0.00,275.0,'瑜伽课很放松',10,'2026-02-10 19:15:57'),
(100,7,'2026-02-12',61,0.00,457.5,'骑行环湖一周',10,'2026-02-12 08:11:14'),
(102,1,'2026-02-12',54,11.59,540.0,'今天破了个人记录',10,'2026-02-12 09:21:25'),
(103,2,'2026-02-10',96,10.02,480.0,'大汗淋漓很爽快',10,'2026-02-10 12:46:59'),
(104,3,'2026-02-10',24,3.72,200.0,'带孩子一起运动',10,'2026-02-10 19:09:45'),
(106,5,'2026-02-11',91,0.00,379.2,'周日爱家健身日',10,'2026-02-11 18:05:22'),
(107,6,'2026-02-12',30,0.00,275.0,'早晨跑步感觉很棒',10,'2026-02-12 10:40:25'),
(111,2,'2026-02-10',36,6.87,180.0,'和朋友一起运动',10,'2026-02-10 16:59:31'),
(2,3,'2026-02-09',82,11.39,683.3,'雨天室内训练',10,'2026-02-09 07:36:15'),
(3,4,'2026-02-09',92,0.00,1073.3,'周末加练',10,'2026-02-09 12:30:49'),
(4,5,'2026-02-09',38,0.00,158.3,'晚上夜跑很舒服',10,'2026-02-09 09:48:59'),
(5,6,'2026-02-09',81,0.00,742.5,'今天稍微有点累',10,'2026-02-09 14:41:14'),
(6,7,'2026-02-10',57,0.00,427.5,'新路线风景很美',10,'2026-02-10 13:01:52'),
(7,8,'2026-02-09',83,0.00,691.7,'打卡第100天',10,'2026-02-09 15:50:30');

INSERT INTO `checkin_record` (`user_id`,`sport_type_id`,`checkin_date`,`duration`,`distance`,`calories`,`remark`,`points_earned`,`create_time`) VALUES
(9,2,'2026-02-10',34,2.61,170.0,'公园慢跑放松心情',10,'2026-02-10 14:01:25'),
(11,4,'2026-02-11',77,0.00,898.3,'游泳池人不多很爽',10,'2026-02-11 06:03:48'),
(14,7,'2026-02-11',50,0.00,375.0,'瑜伽课很放松',10,'2026-02-11 10:57:18'),
(16,1,'2026-02-09',37,13.09,370.0,'健走万步达标',10,'2026-02-09 17:07:23'),
(17,2,'2026-02-09',59,12.07,295.0,'今天破了个人记录',10,'2026-02-09 08:22:57'),
(18,3,'2026-02-10',51,15.13,425.0,'大汗淋漓很爽快',10,'2026-02-10 09:36:43'),
(19,4,'2026-02-09',43,0.00,501.7,'带孩子一起运动',10,'2026-02-09 08:13:34'),
(20,5,'2026-02-10',42,0.00,175.0,'下班后慢跑半小时',10,'2026-02-10 12:19:20'),
(21,6,'2026-02-11',47,0.00,430.8,'周日爱家健身日',10,'2026-02-11 16:41:32'),
(24,1,'2026-02-09',78,13.55,780.0,'坚持就是胜利',10,'2026-02-09 18:02:26'),
(26,3,'2026-02-09',23,7.36,191.7,'和朋友一起运动',10,'2026-02-09 13:21:16'),
(27,4,'2026-02-10',42,0.00,490.0,'雨天室内训练',10,'2026-02-10 17:45:06'),
(28,5,'2026-02-11',73,0.00,304.2,'周末加练',10,'2026-02-11 08:13:42'),
(29,6,'2026-02-11',57,0.00,522.5,'晚上夜跑很舒服',10,'2026-02-11 08:26:16'),
(30,7,'2026-02-10',67,0.00,502.5,'今天稍微有点累',10,'2026-02-10 08:12:31'),
(32,1,'2026-02-10',71,9.87,710.0,'打卡第100天',10,'2026-02-10 12:20:47'),
(33,2,'2026-02-10',21,15.06,105.0,'全力冲刺',10,'2026-02-10 06:28:45'),
(34,3,'2026-02-11',63,4.93,525.0,'公园慢跑放松心情',10,'2026-02-11 09:59:20'),
(35,4,'2026-02-09',21,0.00,245.0,'健身房器械训练',10,'2026-02-09 08:06:50'),
(36,5,'2026-02-09',99,0.00,412.5,'游泳池人不多很爽',10,'2026-02-09 12:59:18'),
(37,6,'2026-02-09',20,0.00,183.3,'羽毛球双打赢了',10,'2026-02-09 07:48:37'),
(38,7,'2026-02-11',85,0.00,637.5,'篓球赛很激烈',10,'2026-02-11 13:28:10'),
(39,8,'2026-02-09',69,0.00,575.0,'瑜伽课很放松',10,'2026-02-09 07:40:27'),
(40,1,'2026-02-11',64,6.99,640.0,'骑行环湖一周',10,'2026-02-11 13:26:44'),
(41,2,'2026-02-09',36,5.46,180.0,'健走万步达标',10,'2026-02-09 06:55:39');

INSERT INTO `checkin_record` (`user_id`,`sport_type_id`,`checkin_date`,`duration`,`distance`,`calories`,`remark`,`points_earned`,`create_time`) VALUES
(42,3,'2026-02-11',52,6.10,433.3,'今天破了个人记录',10,'2026-02-11 11:41:59'),
(44,5,'2026-02-09',30,0.00,125.0,'带孩子一起运动',10,'2026-02-09 11:44:15'),
(45,6,'2026-02-10',54,0.00,495.0,'下班后慢跑半小时',10,'2026-02-10 11:10:47'),
(46,7,'2026-02-09',78,0.00,585.0,'周日爱家健身日',10,'2026-02-09 12:08:57'),
(47,8,'2026-02-10',66,0.00,550.0,'早晨跑步感觉很棒',10,'2026-02-10 17:20:59'),
(48,1,'2026-02-10',81,5.53,810.0,'今天天气很好适合运动',10,'2026-02-10 19:31:19'),
(49,2,'2026-02-11',88,7.59,440.0,'坚持就是胜利',10,'2026-02-11 08:51:58'),
(51,4,'2026-02-10',86,0.00,1003.3,'和朋友一起运动',10,'2026-02-10 08:25:40'),
(52,5,'2026-02-10',34,0.00,141.7,'雨天室内训练',10,'2026-02-10 08:54:59'),
(53,6,'2026-02-10',25,0.00,229.2,'周末加练',10,'2026-02-10 09:48:21'),
(54,7,'2026-02-10',23,0.00,172.5,'晚上夜跑很舒服',10,'2026-02-10 19:30:42'),
(55,8,'2026-02-11',48,0.00,400.0,'今天稍微有点累',10,'2026-02-11 07:29:16'),
(56,1,'2026-02-11',71,13.75,710.0,'新路线风景很美',10,'2026-02-11 15:42:14'),
(58,3,'2026-02-09',60,12.37,500.0,'全力冲刺',10,'2026-02-09 07:56:57'),
(59,4,'2026-02-09',51,0.00,595.0,'公园慢跑放松心情',10,'2026-02-09 11:44:59'),
(62,7,'2026-02-11',95,0.00,712.5,'羽毛球双打赢了',10,'2026-02-11 10:59:25'),
(63,8,'2026-02-09',55,0.00,458.3,'篓球赛很激烈',10,'2026-02-09 19:09:44'),
(64,1,'2026-02-09',63,4.53,630.0,'瑜伽课很放松',10,'2026-02-09 15:49:33'),
(66,3,'2026-02-11',37,12.70,308.3,'健走万步达标',10,'2026-02-11 16:11:13'),
(67,4,'2026-02-10',23,0.00,268.3,'今天破了个人记录',10,'2026-02-10 12:06:41'),
(68,5,'2026-02-09',75,0.00,312.5,'大汗淋漓很爽快',10,'2026-02-09 19:01:51'),
(69,6,'2026-02-09',93,0.00,852.5,'带孩子一起运动',10,'2026-02-09 07:09:06'),
(70,7,'2026-02-09',29,0.00,217.5,'下班后慢跑半小时',10,'2026-02-09 11:56:51'),
(72,1,'2026-02-09',96,12.44,960.0,'早晨跑步感觉很棒',10,'2026-02-09 15:14:50'),
(74,3,'2026-02-09',22,1.90,183.3,'坚持就是胜利',10,'2026-02-09 18:25:20');

INSERT INTO `checkin_record` (`user_id`,`sport_type_id`,`checkin_date`,`duration`,`distance`,`calories`,`remark`,`points_earned`,`create_time`) VALUES
(75,4,'2026-02-11',77,0.00,898.3,'今天状态不错',10,'2026-02-11 13:40:32'),
(76,5,'2026-02-10',73,0.00,304.2,'和朋友一起运动',10,'2026-02-10 16:28:15'),
(77,6,'2026-02-11',96,0.00,880.0,'雨天室内训练',10,'2026-02-11 14:12:23'),
(78,7,'2026-02-09',93,0.00,697.5,'周末加练',10,'2026-02-09 07:32:06'),
(79,8,'2026-02-10',68,0.00,566.7,'晚上夜跑很舒服',10,'2026-02-10 14:55:33'),
(82,3,'2026-02-09',93,12.37,775.0,'打卡第100天',10,'2026-02-09 19:25:14'),
(83,4,'2026-02-10',71,0.00,828.3,'全力冲刺',10,'2026-02-10 08:48:04'),
(84,5,'2026-02-10',25,0.00,104.2,'公园慢跑放松心情',10,'2026-02-10 15:40:21'),
(86,7,'2026-02-11',84,0.00,630.0,'游泳池人不多很爽',10,'2026-02-11 16:49:22'),
(87,8,'2026-02-11',98,0.00,816.7,'羽毛球双打赢了',10,'2026-02-11 11:26:38'),
(90,3,'2026-02-10',99,11.40,825.0,'骑行环湖一周',10,'2026-02-10 07:22:12'),
(91,4,'2026-02-10',20,0.00,233.3,'健走万步达标',10,'2026-02-10 07:55:39'),
(92,5,'2026-02-09',39,0.00,162.5,'今天破了个人记录',10,'2026-02-09 13:43:15'),
(93,6,'2026-02-09',86,0.00,788.3,'大汗淋漓很爽快',10,'2026-02-09 16:50:20'),
(94,7,'2026-02-10',58,0.00,435.0,'带孩子一起运动',10,'2026-02-10 12:51:08'),
(95,8,'2026-02-09',73,0.00,608.3,'下班后慢跑半小时',10,'2026-02-09 08:42:08'),
(96,1,'2026-02-09',54,8.70,540.0,'周日爱家健身日',10,'2026-02-09 09:43:39'),
(97,2,'2026-02-09',21,13.01,105.0,'早晨跑步感觉很棒',10,'2026-02-09 09:17:05'),
(98,3,'2026-02-09',53,4.69,441.7,'今天天气很好适合运动',10,'2026-02-09 08:29:38'),
(99,4,'2026-02-11',77,0.00,898.3,'坚持就是胜利',10,'2026-02-11 16:44:04'),
(101,6,'2026-02-09',89,0.00,815.8,'和朋友一起运动',10,'2026-02-09 09:44:26'),
(102,7,'2026-02-09',50,0.00,375.0,'雨天室内训练',10,'2026-02-09 10:14:06'),
(105,2,'2026-02-11',84,8.88,420.0,'今天稍微有点累',10,'2026-02-11 12:10:16'),
(106,3,'2026-02-10',52,14.47,433.3,'新路线风景很美',10,'2026-02-10 19:25:44'),
(107,4,'2026-02-10',80,0.00,933.3,'打卡第100天',10,'2026-02-10 07:10:41');

INSERT INTO `checkin_record` (`user_id`,`sport_type_id`,`checkin_date`,`duration`,`distance`,`calories`,`remark`,`points_earned`,`create_time`) VALUES
(108,5,'2026-02-10',86,0.00,358.3,'全力冲刺',10,'2026-02-10 13:15:38'),
(109,6,'2026-02-10',65,0.00,595.8,'公园慢跑放松心情',10,'2026-02-10 19:44:24'),
(110,7,'2026-02-10',43,0.00,322.5,'健身房器械训练',10,'2026-02-10 14:22:14'),
(2,1,'2026-02-10',80,10.04,800.0,'羽毛球双打赢了',10,'2026-02-10 17:33:04'),
(4,3,'2026-02-08',58,14.61,483.3,'瑜伽课很放松',10,'2026-02-08 11:49:39'),
(7,6,'2026-02-08',47,0.00,430.8,'今天破了个人记录',10,'2026-02-08 15:24:55'),
(8,7,'2026-02-09',52,0.00,390.0,'大汗淋漓很爽快',10,'2026-02-09 07:23:07'),
(9,8,'2026-02-08',29,0.00,241.7,'带孩子一起运动',10,'2026-02-08 08:17:55'),
(10,1,'2026-02-08',86,15.17,860.0,'下班后慢跑半小时',10,'2026-02-08 11:48:06'),
(11,2,'2026-02-08',90,12.12,450.0,'周日爱家健身日',10,'2026-02-08 06:57:23'),
(12,3,'2026-02-08',39,10.15,325.0,'早晨跑步感觉很棒',10,'2026-02-08 07:26:57'),
(13,4,'2026-02-08',86,0.00,1003.3,'今天天气很好适合运动',10,'2026-02-08 15:49:30'),
(14,5,'2026-02-09',76,0.00,316.7,'坚持就是胜利',10,'2026-02-09 19:45:13'),
(15,6,'2026-02-08',89,0.00,815.8,'今天状态不错',10,'2026-02-08 19:57:05'),
(18,1,'2026-02-08',29,3.44,290.0,'周末加练',10,'2026-02-08 10:41:31'),
(21,4,'2026-02-10',47,0.00,548.3,'新路线风景很美',10,'2026-02-10 15:33:48'),
(22,5,'2026-02-10',32,0.00,133.3,'打卡第100天',10,'2026-02-10 17:43:41'),
(23,6,'2026-02-09',93,0.00,852.5,'全力冲刺',10,'2026-02-09 13:56:30'),
(24,7,'2026-02-08',98,0.00,735.0,'公园慢跑放松心情',10,'2026-02-08 16:58:53'),
(26,1,'2026-02-08',85,6.12,850.0,'游泳池人不多很爽',10,'2026-02-08 08:53:15'),
(27,2,'2026-02-09',91,15.63,455.0,'羽毛球双打赢了',10,'2026-02-09 09:56:51'),
(29,4,'2026-02-09',24,0.00,280.0,'瑜伽课很放松',10,'2026-02-09 17:20:47'),
(30,5,'2026-02-08',58,0.00,241.7,'骑行环湖一周',10,'2026-02-08 09:43:28'),
(31,6,'2026-02-08',60,0.00,550.0,'健走万步达标',10,'2026-02-08 07:05:10'),
(32,7,'2026-02-08',39,0.00,292.5,'今天破了个人记录',10,'2026-02-08 07:05:24');

INSERT INTO `checkin_record` (`user_id`,`sport_type_id`,`checkin_date`,`duration`,`distance`,`calories`,`remark`,`points_earned`,`create_time`) VALUES
(33,8,'2026-02-09',82,0.00,683.3,'大汗淋漓很爽快',10,'2026-02-09 14:14:41'),
(35,2,'2026-02-08',72,12.70,360.0,'下班后慢跑半小时',10,'2026-02-08 13:36:09'),
(38,5,'2026-02-08',84,0.00,350.0,'今天天气很好适合运动',10,'2026-02-08 15:42:42'),
(40,7,'2026-02-08',46,0.00,345.0,'今天状态不错',10,'2026-02-08 15:31:12'),
(42,1,'2026-02-09',59,12.30,590.0,'雨天室内训练',10,'2026-02-09 09:01:17'),
(43,2,'2026-02-10',53,11.68,265.0,'周末加练',10,'2026-02-10 17:26:57'),
(44,3,'2026-02-10',94,7.35,783.3,'晚上夜跑很舒服',10,'2026-02-10 13:17:16'),
(45,4,'2026-02-08',87,0.00,1015.0,'今天稍微有点累',10,'2026-02-08 12:59:18'),
(46,5,'2026-02-10',88,0.00,366.7,'新路线风景很美',10,'2026-02-10 06:57:01'),
(47,6,'2026-02-09',34,0.00,311.7,'打卡第100天',10,'2026-02-09 09:57:19'),
(48,7,'2026-02-08',29,0.00,217.5,'全力冲刺',10,'2026-02-08 11:23:07'),
(49,8,'2026-02-08',22,0.00,183.3,'公园慢跑放松心情',10,'2026-02-08 08:19:42'),
(50,1,'2026-02-09',79,13.07,790.0,'健身房器械训练',10,'2026-02-09 07:38:06'),
(51,2,'2026-02-08',55,11.47,275.0,'游泳池人不多很爽',10,'2026-02-08 13:35:12'),
(53,4,'2026-02-08',34,0.00,396.7,'篓球赛很激烈',10,'2026-02-08 19:47:33'),
(54,5,'2026-02-09',69,0.00,287.5,'瑜伽课很放松',10,'2026-02-09 17:55:38'),
(55,6,'2026-02-08',33,0.00,302.5,'骑行环湖一周',10,'2026-02-08 07:14:45'),
(57,8,'2026-02-08',47,0.00,391.7,'今天破了个人记录',10,'2026-02-08 15:10:12'),
(58,1,'2026-02-08',45,5.78,450.0,'大汗淋漓很爽快',10,'2026-02-08 10:29:31'),
(59,2,'2026-02-08',66,12.59,330.0,'带孩子一起运动',10,'2026-02-08 15:04:57'),
(60,3,'2026-02-10',30,1.34,250.0,'下班后慢跑半小时',10,'2026-02-10 08:10:37'),
(61,4,'2026-02-08',25,0.00,291.7,'周日爱家健身日',10,'2026-02-08 18:28:29'),
(62,5,'2026-02-09',34,0.00,141.7,'早晨跑步感觉很棒',10,'2026-02-09 07:21:08'),
(63,6,'2026-02-10',75,0.00,687.5,'今天天气很好适合运动',10,'2026-02-10 10:52:02'),
(65,8,'2026-02-08',22,0.00,183.3,'今天状态不错',10,'2026-02-08 09:53:43');

INSERT INTO `checkin_record` (`user_id`,`sport_type_id`,`checkin_date`,`duration`,`distance`,`calories`,`remark`,`points_earned`,`create_time`) VALUES
(66,1,'2026-02-10',26,7.68,260.0,'和朋友一起运动',10,'2026-02-10 18:18:33'),
(67,2,'2026-02-09',67,9.11,335.0,'雨天室内训练',10,'2026-02-09 11:40:34'),
(70,5,'2026-02-08',59,0.00,245.8,'今天稍微有点累',10,'2026-02-08 15:20:06'),
(73,8,'2026-02-10',56,0.00,466.7,'全力冲刺',10,'2026-02-10 14:42:17'),
(74,1,'2026-02-08',74,12.44,740.0,'公园慢跑放松心情',10,'2026-02-08 06:29:06'),
(75,2,'2026-02-09',38,13.53,190.0,'健身房器械训练',10,'2026-02-09 16:03:01'),
(76,3,'2026-02-08',32,12.79,266.7,'游泳池人不多很爽',10,'2026-02-08 12:59:36'),
(77,4,'2026-02-09',41,0.00,478.3,'羽毛球双打赢了',10,'2026-02-09 19:21:14'),
(78,5,'2026-02-10',58,0.00,241.7,'篓球赛很激烈',10,'2026-02-10 10:28:52'),
(79,6,'2026-02-09',74,0.00,678.3,'瑜伽课很放松',10,'2026-02-09 14:40:52'),
(80,7,'2026-02-09',62,0.00,465.0,'骑行环湖一周',10,'2026-02-09 17:21:16'),
(81,8,'2026-02-09',55,0.00,458.3,'健走万步达标',10,'2026-02-09 07:28:37'),
(84,3,'2026-02-09',83,2.55,691.7,'带孩子一起运动',10,'2026-02-09 16:33:12'),
(85,4,'2026-02-08',33,0.00,385.0,'下班后慢跑半小时',10,'2026-02-08 16:51:59'),
(86,5,'2026-02-08',78,0.00,325.0,'周日爱家健身日',10,'2026-02-08 07:54:24'),
(87,6,'2026-02-10',61,0.00,559.2,'早晨跑步感觉很棒',10,'2026-02-10 13:59:54'),
(88,7,'2026-02-09',63,0.00,472.5,'今天天气很好适合运动',10,'2026-02-09 16:59:58'),
(89,8,'2026-02-08',41,0.00,341.7,'坚持就是胜利',10,'2026-02-08 07:03:26'),
(90,1,'2026-02-09',60,7.97,600.0,'今天状态不错',10,'2026-02-09 10:30:04'),
(92,3,'2026-02-08',51,10.12,425.0,'雨天室内训练',10,'2026-02-08 10:18:54'),
(95,6,'2026-02-10',68,0.00,623.3,'今天稍微有点累',10,'2026-02-10 08:19:17'),
(96,7,'2026-02-08',51,0.00,382.5,'新路线风景很美',10,'2026-02-08 18:22:21'),
(97,8,'2026-02-10',55,0.00,458.3,'打卡第100天',10,'2026-02-10 15:43:13'),
(99,2,'2026-02-08',91,11.17,455.0,'公园慢跑放松心情',10,'2026-02-08 14:51:17'),
(100,3,'2026-02-10',61,3.47,508.3,'健身房器械训练',10,'2026-02-10 11:59:33');

INSERT INTO `checkin_record` (`user_id`,`sport_type_id`,`checkin_date`,`duration`,`distance`,`calories`,`remark`,`points_earned`,`create_time`) VALUES
(102,5,'2026-02-08',52,0.00,216.7,'羽毛球双打赢了',10,'2026-02-08 18:54:25'),
(103,6,'2026-02-09',78,0.00,715.0,'篓球赛很激烈',10,'2026-02-09 12:49:46'),
(104,7,'2026-02-08',65,0.00,487.5,'瑜伽课很放松',10,'2026-02-08 18:33:34'),
(105,8,'2026-02-09',92,0.00,766.7,'骑行环湖一周',10,'2026-02-09 17:57:17'),
(107,2,'2026-02-08',46,5.62,230.0,'今天破了个人记录',10,'2026-02-08 17:52:42'),
(108,3,'2026-02-09',87,2.63,725.0,'大汗淋漓很爽快',10,'2026-02-09 07:01:36'),
(109,4,'2026-02-08',26,0.00,303.3,'带孩子一起运动',10,'2026-02-08 11:27:09'),
(110,5,'2026-02-08',69,0.00,287.5,'下班后慢跑半小时',10,'2026-02-08 06:19:19'),
(111,6,'2026-02-09',42,0.00,385.0,'周日爱家健身日',10,'2026-02-09 17:30:23');

-- ========== Points Records (500+ records) ==========
INSERT INTO `points_record` (`user_id`,`points`,`type`,`description`,`create_time`) VALUES
(2,10,'CHECKIN','每日打卡奖励','2026-02-13 12:47:01'),
(3,25,'CONSECUTIVE','连续打卡奖励','2026-02-11 07:13:11'),
(4,57,'ACHIEVEMENT','成就解锁奖励','2026-02-14 07:12:52'),
(5,10,'CHECKIN','每日打卡奖励','2026-02-13 12:08:41'),
(6,42,'CONSECUTIVE','连续打卡奖励','2026-02-13 10:15:37'),
(7,70,'ACHIEVEMENT','成就解锁奖励','2026-02-14 13:42:21'),
(8,10,'CHECKIN','每日打卡奖励','2026-02-10 07:45:24'),
(9,34,'CONSECUTIVE','连续打卡奖励','2026-02-10 14:46:47'),
(10,137,'ACHIEVEMENT','成就解锁奖励','2026-02-11 09:31:46'),
(11,10,'CHECKIN','每日打卡奖励','2026-02-10 13:49:48'),
(12,40,'CONSECUTIVE','连续打卡奖励','2026-02-11 07:49:54'),
(13,94,'ACHIEVEMENT','成就解锁奖励','2026-02-10 15:08:37'),
(14,10,'CHECKIN','每日打卡奖励','2026-02-14 15:32:27'),
(15,24,'CONSECUTIVE','连续打卡奖励','2026-02-11 12:05:15'),
(16,74,'ACHIEVEMENT','成就解锁奖励','2026-02-11 14:22:04'),
(17,10,'CHECKIN','每日打卡奖励','2026-02-10 10:26:36'),
(18,38,'CONSECUTIVE','连续打卡奖励','2026-02-12 12:37:06'),
(19,149,'ACHIEVEMENT','成就解锁奖励','2026-02-14 18:21:25'),
(20,10,'CHECKIN','每日打卡奖励','2026-02-10 10:55:03'),
(21,28,'CONSECUTIVE','连续打卡奖励','2026-02-13 11:15:21'),
(22,60,'ACHIEVEMENT','成就解锁奖励','2026-02-12 07:20:21'),
(23,10,'CHECKIN','每日打卡奖励','2026-02-10 13:25:42'),
(24,43,'CONSECUTIVE','连续打卡奖励','2026-02-12 16:29:55'),
(25,81,'ACHIEVEMENT','成就解锁奖励','2026-02-11 13:14:06'),
(26,10,'CHECKIN','每日打卡奖励','2026-02-12 10:15:19');

INSERT INTO `points_record` (`user_id`,`points`,`type`,`description`,`create_time`) VALUES
(27,21,'CONSECUTIVE','连续打卡奖励','2026-02-13 10:02:27'),
(28,120,'ACHIEVEMENT','成就解锁奖励','2026-02-12 18:27:29'),
(29,10,'CHECKIN','每日打卡奖励','2026-02-11 12:28:03'),
(30,47,'CONSECUTIVE','连续打卡奖励','2026-02-13 06:50:27'),
(31,112,'ACHIEVEMENT','成就解锁奖励','2026-02-11 06:54:51'),
(32,10,'CHECKIN','每日打卡奖励','2026-02-12 17:37:39'),
(33,27,'CONSECUTIVE','连续打卡奖励','2026-02-13 07:35:50'),
(34,135,'ACHIEVEMENT','成就解锁奖励','2026-02-10 09:27:13'),
(35,10,'CHECKIN','每日打卡奖励','2026-02-12 08:19:24'),
(36,32,'CONSECUTIVE','连续打卡奖励','2026-02-11 06:29:47'),
(37,142,'ACHIEVEMENT','成就解锁奖励','2026-02-11 13:24:20'),
(38,10,'CHECKIN','每日打卡奖励','2026-02-11 18:15:28'),
(39,46,'CONSECUTIVE','连续打卡奖励','2026-02-12 08:00:26'),
(40,62,'ACHIEVEMENT','成就解锁奖励','2026-02-11 16:33:44'),
(41,10,'CHECKIN','每日打卡奖励','2026-02-12 18:00:05'),
(42,29,'CONSECUTIVE','连续打卡奖励','2026-02-13 06:01:02'),
(43,135,'ACHIEVEMENT','成就解锁奖励','2026-02-14 14:53:55'),
(44,10,'CHECKIN','每日打卡奖励','2026-02-12 13:08:38'),
(45,45,'CONSECUTIVE','连续打卡奖励','2026-02-14 09:52:41'),
(46,120,'ACHIEVEMENT','成就解锁奖励','2026-02-11 13:19:25'),
(47,10,'CHECKIN','每日打卡奖励','2026-02-13 06:20:33'),
(48,48,'CONSECUTIVE','连续打卡奖励','2026-02-10 10:48:44'),
(49,89,'ACHIEVEMENT','成就解锁奖励','2026-02-10 17:00:46'),
(50,10,'CHECKIN','每日打卡奖励','2026-02-10 11:38:09'),
(51,40,'CONSECUTIVE','连续打卡奖励','2026-02-14 18:18:48');

INSERT INTO `points_record` (`user_id`,`points`,`type`,`description`,`create_time`) VALUES
(52,81,'ACHIEVEMENT','成就解锁奖励','2026-02-14 11:54:33'),
(53,10,'CHECKIN','每日打卡奖励','2026-02-14 10:14:43'),
(54,33,'CONSECUTIVE','连续打卡奖励','2026-02-12 13:17:52'),
(55,56,'ACHIEVEMENT','成就解锁奖励','2026-02-12 10:55:55'),
(56,10,'CHECKIN','每日打卡奖励','2026-02-14 14:05:02'),
(57,37,'CONSECUTIVE','连续打卡奖励','2026-02-10 15:45:48'),
(58,80,'ACHIEVEMENT','成就解锁奖励','2026-02-10 07:04:22'),
(59,10,'CHECKIN','每日打卡奖励','2026-02-14 07:31:36'),
(60,46,'CONSECUTIVE','连续打卡奖励','2026-02-12 07:24:32'),
(61,70,'ACHIEVEMENT','成就解锁奖励','2026-02-10 06:07:57'),
(62,10,'CHECKIN','每日打卡奖励','2026-02-14 10:15:11'),
(63,27,'CONSECUTIVE','连续打卡奖励','2026-02-13 19:28:20'),
(64,145,'ACHIEVEMENT','成就解锁奖励','2026-02-11 11:24:50'),
(65,10,'CHECKIN','每日打卡奖励','2026-02-10 15:32:23'),
(66,38,'CONSECUTIVE','连续打卡奖励','2026-02-10 15:52:13'),
(67,52,'ACHIEVEMENT','成就解锁奖励','2026-02-11 19:45:14'),
(68,10,'CHECKIN','每日打卡奖励','2026-02-12 13:05:30'),
(69,42,'CONSECUTIVE','连续打卡奖励','2026-02-12 08:53:15'),
(70,119,'ACHIEVEMENT','成就解锁奖励','2026-02-11 18:44:25'),
(71,10,'CHECKIN','每日打卡奖励','2026-02-14 11:34:48'),
(72,46,'CONSECUTIVE','连续打卡奖励','2026-02-11 19:49:24'),
(73,116,'ACHIEVEMENT','成就解锁奖励','2026-02-13 19:14:02'),
(74,10,'CHECKIN','每日打卡奖励','2026-02-12 06:01:12'),
(75,30,'CONSECUTIVE','连续打卡奖励','2026-02-12 16:59:02'),
(76,87,'ACHIEVEMENT','成就解锁奖励','2026-02-12 19:27:01');

INSERT INTO `points_record` (`user_id`,`points`,`type`,`description`,`create_time`) VALUES
(77,10,'CHECKIN','每日打卡奖励','2026-02-11 15:42:28'),
(78,20,'CONSECUTIVE','连续打卡奖励','2026-02-12 19:45:43'),
(79,106,'ACHIEVEMENT','成就解锁奖励','2026-02-10 12:47:22'),
(80,10,'CHECKIN','每日打卡奖励','2026-02-14 09:59:07'),
(81,30,'CONSECUTIVE','连续打卡奖励','2026-02-12 07:10:10'),
(82,74,'ACHIEVEMENT','成就解锁奖励','2026-02-10 10:47:57'),
(83,10,'CHECKIN','每日打卡奖励','2026-02-11 14:55:15'),
(84,42,'CONSECUTIVE','连续打卡奖励','2026-02-13 16:53:19'),
(85,91,'ACHIEVEMENT','成就解锁奖励','2026-02-13 12:30:46'),
(86,10,'CHECKIN','每日打卡奖励','2026-02-10 07:34:31'),
(87,42,'CONSECUTIVE','连续打卡奖励','2026-02-13 16:09:06'),
(88,137,'ACHIEVEMENT','成就解锁奖励','2026-02-14 17:57:13'),
(89,10,'CHECKIN','每日打卡奖励','2026-02-10 14:25:34'),
(90,41,'CONSECUTIVE','连续打卡奖励','2026-02-12 06:25:50'),
(91,89,'ACHIEVEMENT','成就解锁奖励','2026-02-10 14:37:41'),
(92,10,'CHECKIN','每日打卡奖励','2026-02-13 17:32:55'),
(93,28,'CONSECUTIVE','连续打卡奖励','2026-02-11 12:59:28'),
(94,144,'ACHIEVEMENT','成就解锁奖励','2026-02-12 08:34:22'),
(95,10,'CHECKIN','每日打卡奖励','2026-02-14 12:18:12'),
(96,23,'CONSECUTIVE','连续打卡奖励','2026-02-11 18:37:20'),
(97,89,'ACHIEVEMENT','成就解锁奖励','2026-02-10 13:43:10'),
(98,10,'CHECKIN','每日打卡奖励','2026-02-11 09:50:25'),
(99,44,'CONSECUTIVE','连续打卡奖励','2026-02-12 08:22:13'),
(100,84,'ACHIEVEMENT','成就解锁奖励','2026-02-12 06:33:13'),
(101,10,'CHECKIN','每日打卡奖励','2026-02-14 17:50:04');

INSERT INTO `points_record` (`user_id`,`points`,`type`,`description`,`create_time`) VALUES
(102,20,'CONSECUTIVE','连续打卡奖励','2026-02-11 07:49:41'),
(103,106,'ACHIEVEMENT','成就解锁奖励','2026-02-14 07:24:22'),
(104,10,'CHECKIN','每日打卡奖励','2026-02-11 13:24:01'),
(105,36,'CONSECUTIVE','连续打卡奖励','2026-02-11 10:09:04'),
(106,62,'ACHIEVEMENT','成就解锁奖励','2026-02-14 17:06:56'),
(107,10,'CHECKIN','每日打卡奖励','2026-02-11 06:59:41'),
(108,45,'CONSECUTIVE','连续打卡奖励','2026-02-12 08:33:38'),
(109,82,'ACHIEVEMENT','成就解锁奖励','2026-02-10 11:36:23'),
(110,10,'CHECKIN','每日打卡奖励','2026-02-13 07:27:31'),
(111,23,'CONSECUTIVE','连续打卡奖励','2026-02-10 08:19:51'),
(2,138,'ACHIEVEMENT','成就解锁奖励','2026-02-10 07:52:09'),
(3,10,'CHECKIN','每日打卡奖励','2026-02-11 07:50:01'),
(4,36,'CONSECUTIVE','连续打卡奖励','2026-02-12 16:52:03'),
(5,77,'ACHIEVEMENT','成就解锁奖励','2026-02-09 12:25:37'),
(6,10,'CHECKIN','每日打卡奖励','2026-02-09 14:30:03'),
(7,34,'CONSECUTIVE','连续打卡奖励','2026-02-10 09:52:00'),
(8,113,'ACHIEVEMENT','成就解锁奖励','2026-02-13 18:40:43'),
(9,10,'CHECKIN','每日打卡奖励','2026-02-10 19:55:53'),
(10,30,'CONSECUTIVE','连续打卡奖励','2026-02-13 13:22:11'),
(11,101,'ACHIEVEMENT','成就解锁奖励','2026-02-11 13:21:42'),
(12,10,'CHECKIN','每日打卡奖励','2026-02-12 15:43:40'),
(13,28,'CONSECUTIVE','连续打卡奖励','2026-02-09 18:19:06'),
(14,94,'ACHIEVEMENT','成就解锁奖励','2026-02-10 09:58:43'),
(15,10,'CHECKIN','每日打卡奖励','2026-02-11 16:09:44'),
(16,31,'CONSECUTIVE','连续打卡奖励','2026-02-13 16:07:17');

INSERT INTO `points_record` (`user_id`,`points`,`type`,`description`,`create_time`) VALUES
(17,54,'ACHIEVEMENT','成就解锁奖励','2026-02-13 11:51:07'),
(18,10,'CHECKIN','每日打卡奖励','2026-02-12 10:22:53'),
(19,20,'CONSECUTIVE','连续打卡奖励','2026-02-12 19:36:10'),
(20,100,'ACHIEVEMENT','成就解锁奖励','2026-02-09 13:25:08'),
(21,10,'CHECKIN','每日打卡奖励','2026-02-12 06:06:19'),
(22,31,'CONSECUTIVE','连续打卡奖励','2026-02-11 06:15:04'),
(23,100,'ACHIEVEMENT','成就解锁奖励','2026-02-10 16:44:55'),
(24,10,'CHECKIN','每日打卡奖励','2026-02-09 07:11:31'),
(25,20,'CONSECUTIVE','连续打卡奖励','2026-02-11 09:13:23'),
(26,80,'ACHIEVEMENT','成就解锁奖励','2026-02-12 11:04:03'),
(27,10,'CHECKIN','每日打卡奖励','2026-02-10 11:39:20'),
(28,20,'CONSECUTIVE','连续打卡奖励','2026-02-13 18:04:43'),
(29,120,'ACHIEVEMENT','成就解锁奖励','2026-02-10 18:08:07'),
(30,10,'CHECKIN','每日打卡奖励','2026-02-12 14:20:14'),
(31,48,'CONSECUTIVE','连续打卡奖励','2026-02-12 09:32:52'),
(32,100,'ACHIEVEMENT','成就解锁奖励','2026-02-12 10:53:06'),
(33,10,'CHECKIN','每日打卡奖励','2026-02-09 06:34:58'),
(34,36,'CONSECUTIVE','连续打卡奖励','2026-02-10 14:40:09'),
(35,95,'ACHIEVEMENT','成就解锁奖励','2026-02-12 16:11:31'),
(36,10,'CHECKIN','每日打卡奖励','2026-02-12 07:35:25'),
(37,29,'CONSECUTIVE','连续打卡奖励','2026-02-11 09:13:40'),
(38,147,'ACHIEVEMENT','成就解锁奖励','2026-02-12 09:19:54'),
(39,10,'CHECKIN','每日打卡奖励','2026-02-13 11:36:29'),
(40,39,'CONSECUTIVE','连续打卡奖励','2026-02-12 06:29:15'),
(41,113,'ACHIEVEMENT','成就解锁奖励','2026-02-13 19:09:57');

INSERT INTO `points_record` (`user_id`,`points`,`type`,`description`,`create_time`) VALUES
(42,10,'CHECKIN','每日打卡奖励','2026-02-10 13:19:16'),
(43,25,'CONSECUTIVE','连续打卡奖励','2026-02-11 15:20:59'),
(44,86,'ACHIEVEMENT','成就解锁奖励','2026-02-09 17:04:33'),
(45,10,'CHECKIN','每日打卡奖励','2026-02-11 11:10:55'),
(46,30,'CONSECUTIVE','连续打卡奖励','2026-02-10 18:14:25'),
(47,132,'ACHIEVEMENT','成就解锁奖励','2026-02-12 16:06:51'),
(48,10,'CHECKIN','每日打卡奖励','2026-02-12 16:47:17'),
(49,36,'CONSECUTIVE','连续打卡奖励','2026-02-12 15:12:44'),
(50,95,'ACHIEVEMENT','成就解锁奖励','2026-02-11 18:15:14'),
(51,10,'CHECKIN','每日打卡奖励','2026-02-13 11:42:00'),
(52,36,'CONSECUTIVE','连续打卡奖励','2026-02-09 16:59:41'),
(53,130,'ACHIEVEMENT','成就解锁奖励','2026-02-12 06:51:29'),
(54,10,'CHECKIN','每日打卡奖励','2026-02-10 06:19:45'),
(55,30,'CONSECUTIVE','连续打卡奖励','2026-02-10 15:20:59'),
(56,51,'ACHIEVEMENT','成就解锁奖励','2026-02-12 12:12:30'),
(57,10,'CHECKIN','每日打卡奖励','2026-02-11 06:23:55'),
(58,45,'CONSECUTIVE','连续打卡奖励','2026-02-12 18:53:16'),
(59,90,'ACHIEVEMENT','成就解锁奖励','2026-02-12 10:05:59'),
(60,10,'CHECKIN','每日打卡奖励','2026-02-12 15:20:32'),
(61,47,'CONSECUTIVE','连续打卡奖励','2026-02-10 19:32:16'),
(62,149,'ACHIEVEMENT','成就解锁奖励','2026-02-10 08:18:21'),
(63,10,'CHECKIN','每日打卡奖励','2026-02-10 19:49:38'),
(64,36,'CONSECUTIVE','连续打卡奖励','2026-02-11 18:02:46'),
(65,57,'ACHIEVEMENT','成就解锁奖励','2026-02-09 10:51:27'),
(66,10,'CHECKIN','每日打卡奖励','2026-02-12 08:48:26');

INSERT INTO `points_record` (`user_id`,`points`,`type`,`description`,`create_time`) VALUES
(67,46,'CONSECUTIVE','连续打卡奖励','2026-02-11 14:57:04'),
(68,52,'ACHIEVEMENT','成就解锁奖励','2026-02-12 07:15:31'),
(69,10,'CHECKIN','每日打卡奖励','2026-02-13 06:37:48'),
(70,28,'CONSECUTIVE','连续打卡奖励','2026-02-12 16:44:23'),
(71,57,'ACHIEVEMENT','成就解锁奖励','2026-02-11 13:48:50'),
(72,10,'CHECKIN','每日打卡奖励','2026-02-11 12:49:57'),
(73,29,'CONSECUTIVE','连续打卡奖励','2026-02-11 08:28:15'),
(74,103,'ACHIEVEMENT','成就解锁奖励','2026-02-11 18:04:26'),
(75,10,'CHECKIN','每日打卡奖励','2026-02-10 19:30:51'),
(76,37,'CONSECUTIVE','连续打卡奖励','2026-02-09 16:35:18'),
(77,119,'ACHIEVEMENT','成就解锁奖励','2026-02-11 09:19:19'),
(78,10,'CHECKIN','每日打卡奖励','2026-02-13 14:46:26'),
(79,24,'CONSECUTIVE','连续打卡奖励','2026-02-10 18:36:13'),
(80,93,'ACHIEVEMENT','成就解锁奖励','2026-02-10 15:29:27'),
(81,10,'CHECKIN','每日打卡奖励','2026-02-09 14:13:33'),
(82,40,'CONSECUTIVE','连续打卡奖励','2026-02-11 09:38:14'),
(83,105,'ACHIEVEMENT','成就解锁奖励','2026-02-09 12:24:01'),
(84,10,'CHECKIN','每日打卡奖励','2026-02-13 14:52:36'),
(85,41,'CONSECUTIVE','连续打卡奖励','2026-02-10 08:04:00'),
(86,107,'ACHIEVEMENT','成就解锁奖励','2026-02-13 18:52:48'),
(87,10,'CHECKIN','每日打卡奖励','2026-02-12 10:37:08'),
(88,35,'CONSECUTIVE','连续打卡奖励','2026-02-10 07:23:08'),
(89,98,'ACHIEVEMENT','成就解锁奖励','2026-02-11 17:16:23'),
(90,10,'CHECKIN','每日打卡奖励','2026-02-10 16:30:21'),
(91,34,'CONSECUTIVE','连续打卡奖励','2026-02-11 11:05:29');

INSERT INTO `points_record` (`user_id`,`points`,`type`,`description`,`create_time`) VALUES
(92,129,'ACHIEVEMENT','成就解锁奖励','2026-02-10 06:20:24'),
(93,10,'CHECKIN','每日打卡奖励','2026-02-10 18:52:18'),
(94,26,'CONSECUTIVE','连续打卡奖励','2026-02-11 16:24:32'),
(95,81,'ACHIEVEMENT','成就解锁奖励','2026-02-13 10:36:11'),
(96,10,'CHECKIN','每日打卡奖励','2026-02-13 09:50:59'),
(97,26,'CONSECUTIVE','连续打卡奖励','2026-02-10 07:16:07'),
(98,55,'ACHIEVEMENT','成就解锁奖励','2026-02-10 16:07:22'),
(99,10,'CHECKIN','每日打卡奖励','2026-02-13 08:23:38'),
(100,45,'CONSECUTIVE','连续打卡奖励','2026-02-13 06:31:46'),
(101,111,'ACHIEVEMENT','成就解锁奖励','2026-02-13 11:31:05'),
(102,10,'CHECKIN','每日打卡奖励','2026-02-09 17:15:46'),
(103,43,'CONSECUTIVE','连续打卡奖励','2026-02-09 11:47:22'),
(104,140,'ACHIEVEMENT','成就解锁奖励','2026-02-11 15:13:46'),
(105,10,'CHECKIN','每日打卡奖励','2026-02-12 11:29:22'),
(106,25,'CONSECUTIVE','连续打卡奖励','2026-02-12 14:47:24'),
(107,53,'ACHIEVEMENT','成就解锁奖励','2026-02-10 14:38:16'),
(108,10,'CHECKIN','每日打卡奖励','2026-02-09 19:58:37'),
(109,37,'CONSECUTIVE','连续打卡奖励','2026-02-12 18:54:52'),
(110,128,'ACHIEVEMENT','成就解锁奖励','2026-02-10 19:41:11'),
(111,10,'CHECKIN','每日打卡奖励','2026-02-09 18:57:38'),
(2,36,'CONSECUTIVE','连续打卡奖励','2026-02-10 18:33:17'),
(3,116,'ACHIEVEMENT','成就解锁奖励','2026-02-12 13:47:50'),
(4,10,'CHECKIN','每日打卡奖励','2026-02-12 13:06:08'),
(5,23,'CONSECUTIVE','连续打卡奖励','2026-02-11 13:26:33'),
(6,111,'ACHIEVEMENT','成就解锁奖励','2026-02-09 18:04:48');

INSERT INTO `points_record` (`user_id`,`points`,`type`,`description`,`create_time`) VALUES
(7,10,'CHECKIN','每日打卡奖励','2026-02-11 13:58:10'),
(8,21,'CONSECUTIVE','连续打卡奖励','2026-02-08 14:48:03'),
(9,68,'ACHIEVEMENT','成就解锁奖励','2026-02-09 06:58:18'),
(10,10,'CHECKIN','每日打卡奖励','2026-02-12 19:24:43'),
(11,21,'CONSECUTIVE','连续打卡奖励','2026-02-11 13:47:57'),
(12,97,'ACHIEVEMENT','成就解锁奖励','2026-02-11 08:26:22'),
(13,10,'CHECKIN','每日打卡奖励','2026-02-11 10:08:25'),
(14,32,'CONSECUTIVE','连续打卡奖励','2026-02-09 09:30:44'),
(15,143,'ACHIEVEMENT','成就解锁奖励','2026-02-10 09:33:42'),
(16,10,'CHECKIN','每日打卡奖励','2026-02-12 13:43:13'),
(17,36,'CONSECUTIVE','连续打卡奖励','2026-02-09 13:34:37'),
(18,61,'ACHIEVEMENT','成就解锁奖励','2026-02-10 10:33:50'),
(19,10,'CHECKIN','每日打卡奖励','2026-02-10 13:01:25'),
(20,40,'CONSECUTIVE','连续打卡奖励','2026-02-12 09:26:49'),
(21,100,'ACHIEVEMENT','成就解锁奖励','2026-02-12 18:23:53'),
(22,10,'CHECKIN','每日打卡奖励','2026-02-08 12:39:40'),
(23,49,'CONSECUTIVE','连续打卡奖励','2026-02-11 19:59:02'),
(24,132,'ACHIEVEMENT','成就解锁奖励','2026-02-11 17:40:35'),
(25,10,'CHECKIN','每日打卡奖励','2026-02-12 17:08:36'),
(26,32,'CONSECUTIVE','连续打卡奖励','2026-02-11 12:46:32'),
(27,96,'ACHIEVEMENT','成就解锁奖励','2026-02-10 11:30:24'),
(28,10,'CHECKIN','每日打卡奖励','2026-02-10 07:18:27'),
(29,31,'CONSECUTIVE','连续打卡奖励','2026-02-08 09:56:02'),
(30,72,'ACHIEVEMENT','成就解锁奖励','2026-02-09 14:19:11'),
(31,10,'CHECKIN','每日打卡奖励','2026-02-08 06:16:04');

INSERT INTO `points_record` (`user_id`,`points`,`type`,`description`,`create_time`) VALUES
(32,41,'CONSECUTIVE','连续打卡奖励','2026-02-11 06:58:05'),
(33,78,'ACHIEVEMENT','成就解锁奖励','2026-02-12 17:10:37'),
(34,10,'CHECKIN','每日打卡奖励','2026-02-11 16:23:41'),
(35,33,'CONSECUTIVE','连续打卡奖励','2026-02-10 18:06:47'),
(36,51,'ACHIEVEMENT','成就解锁奖励','2026-02-09 17:40:00'),
(37,10,'CHECKIN','每日打卡奖励','2026-02-11 13:56:51'),
(38,30,'CONSECUTIVE','连续打卡奖励','2026-02-11 16:42:38'),
(39,123,'ACHIEVEMENT','成就解锁奖励','2026-02-10 12:10:29'),
(40,10,'CHECKIN','每日打卡奖励','2026-02-08 17:31:17'),
(41,24,'CONSECUTIVE','连续打卡奖励','2026-02-08 17:58:24'),
(42,83,'ACHIEVEMENT','成就解锁奖励','2026-02-12 10:32:29'),
(43,10,'CHECKIN','每日打卡奖励','2026-02-08 10:02:02'),
(44,27,'CONSECUTIVE','连续打卡奖励','2026-02-11 08:29:24'),
(45,140,'ACHIEVEMENT','成就解锁奖励','2026-02-10 06:42:35'),
(46,10,'CHECKIN','每日打卡奖励','2026-02-12 09:06:52'),
(47,46,'CONSECUTIVE','连续打卡奖励','2026-02-09 18:25:07'),
(48,91,'ACHIEVEMENT','成就解锁奖励','2026-02-11 19:43:45'),
(49,10,'CHECKIN','每日打卡奖励','2026-02-12 14:54:53'),
(50,35,'CONSECUTIVE','连续打卡奖励','2026-02-11 15:15:28'),
(51,124,'ACHIEVEMENT','成就解锁奖励','2026-02-12 18:02:14'),
(52,10,'CHECKIN','每日打卡奖励','2026-02-09 15:35:53'),
(53,49,'CONSECUTIVE','连续打卡奖励','2026-02-12 12:01:07'),
(54,72,'ACHIEVEMENT','成就解锁奖励','2026-02-12 07:02:48'),
(55,10,'CHECKIN','每日打卡奖励','2026-02-10 10:54:53'),
(56,36,'CONSECUTIVE','连续打卡奖励','2026-02-12 12:45:54');

INSERT INTO `points_record` (`user_id`,`points`,`type`,`description`,`create_time`) VALUES
(57,52,'ACHIEVEMENT','成就解锁奖励','2026-02-09 08:16:01'),
(58,10,'CHECKIN','每日打卡奖励','2026-02-09 09:05:01'),
(59,27,'CONSECUTIVE','连续打卡奖励','2026-02-12 06:32:26'),
(60,61,'ACHIEVEMENT','成就解锁奖励','2026-02-12 10:45:09'),
(61,10,'CHECKIN','每日打卡奖励','2026-02-09 11:43:55'),
(62,25,'CONSECUTIVE','连续打卡奖励','2026-02-10 17:24:29'),
(63,119,'ACHIEVEMENT','成就解锁奖励','2026-02-11 19:40:56'),
(64,10,'CHECKIN','每日打卡奖励','2026-02-09 12:30:39'),
(65,25,'CONSECUTIVE','连续打卡奖励','2026-02-12 19:59:18'),
(66,67,'ACHIEVEMENT','成就解锁奖励','2026-02-09 06:20:36'),
(67,10,'CHECKIN','每日打卡奖励','2026-02-09 07:14:36'),
(68,35,'CONSECUTIVE','连续打卡奖励','2026-02-11 10:17:56'),
(69,97,'ACHIEVEMENT','成就解锁奖励','2026-02-12 12:03:56'),
(70,10,'CHECKIN','每日打卡奖励','2026-02-11 14:20:44'),
(71,26,'CONSECUTIVE','连续打卡奖励','2026-02-11 06:07:20'),
(72,82,'ACHIEVEMENT','成就解锁奖励','2026-02-12 13:37:41'),
(73,10,'CHECKIN','每日打卡奖励','2026-02-09 10:36:46'),
(74,46,'CONSECUTIVE','连续打卡奖励','2026-02-09 17:36:53'),
(75,142,'ACHIEVEMENT','成就解锁奖励','2026-02-08 15:18:05'),
(76,10,'CHECKIN','每日打卡奖励','2026-02-11 08:19:56'),
(77,49,'CONSECUTIVE','连续打卡奖励','2026-02-10 11:00:39'),
(78,89,'ACHIEVEMENT','成就解锁奖励','2026-02-09 15:13:48'),
(79,10,'CHECKIN','每日打卡奖励','2026-02-09 13:43:47'),
(80,41,'CONSECUTIVE','连续打卡奖励','2026-02-12 09:17:16'),
(81,64,'ACHIEVEMENT','成就解锁奖励','2026-02-08 11:16:08');

INSERT INTO `points_record` (`user_id`,`points`,`type`,`description`,`create_time`) VALUES
(82,10,'CHECKIN','每日打卡奖励','2026-02-09 17:03:15'),
(83,38,'CONSECUTIVE','连续打卡奖励','2026-02-08 18:25:07'),
(84,81,'ACHIEVEMENT','成就解锁奖励','2026-02-12 07:07:59'),
(85,10,'CHECKIN','每日打卡奖励','2026-02-12 15:59:10'),
(86,26,'CONSECUTIVE','连续打卡奖励','2026-02-08 16:30:29'),
(87,58,'ACHIEVEMENT','成就解锁奖励','2026-02-10 11:05:53'),
(88,10,'CHECKIN','每日打卡奖励','2026-02-12 09:16:21'),
(89,27,'CONSECUTIVE','连续打卡奖励','2026-02-10 06:43:59'),
(90,88,'ACHIEVEMENT','成就解锁奖励','2026-02-09 14:09:33'),
(91,10,'CHECKIN','每日打卡奖励','2026-02-10 13:28:22'),
(92,43,'CONSECUTIVE','连续打卡奖励','2026-02-12 12:49:03'),
(93,129,'ACHIEVEMENT','成就解锁奖励','2026-02-10 14:54:19'),
(94,10,'CHECKIN','每日打卡奖励','2026-02-09 08:42:28'),
(95,32,'CONSECUTIVE','连续打卡奖励','2026-02-12 09:52:44'),
(96,94,'ACHIEVEMENT','成就解锁奖励','2026-02-10 06:15:45'),
(97,10,'CHECKIN','每日打卡奖励','2026-02-12 13:10:01'),
(98,38,'CONSECUTIVE','连续打卡奖励','2026-02-10 11:37:22'),
(99,119,'ACHIEVEMENT','成就解锁奖励','2026-02-12 08:52:02'),
(100,10,'CHECKIN','每日打卡奖励','2026-02-12 17:18:52'),
(101,34,'CONSECUTIVE','连续打卡奖励','2026-02-11 07:57:23'),
(102,114,'ACHIEVEMENT','成就解锁奖励','2026-02-08 19:29:28'),
(103,10,'CHECKIN','每日打卡奖励','2026-02-10 07:45:16'),
(104,39,'CONSECUTIVE','连续打卡奖励','2026-02-12 11:25:27'),
(105,127,'ACHIEVEMENT','成就解锁奖励','2026-02-10 13:42:56'),
(106,10,'CHECKIN','每日打卡奖励','2026-02-12 17:38:13');

INSERT INTO `points_record` (`user_id`,`points`,`type`,`description`,`create_time`) VALUES
(107,48,'CONSECUTIVE','连续打卡奖励','2026-02-09 15:45:11'),
(108,131,'ACHIEVEMENT','成就解锁奖励','2026-02-11 15:26:36'),
(109,10,'CHECKIN','每日打卡奖励','2026-02-09 08:27:26'),
(110,45,'CONSECUTIVE','连续打卡奖励','2026-02-12 08:19:06'),
(111,99,'ACHIEVEMENT','成就解锁奖励','2026-02-08 07:25:35'),
(2,10,'CHECKIN','每日打卡奖励','2026-02-08 15:19:18'),
(3,37,'CONSECUTIVE','连续打卡奖励','2026-02-08 12:15:55'),
(4,111,'ACHIEVEMENT','成就解锁奖励','2026-02-11 13:36:04'),
(5,10,'CHECKIN','每日打卡奖励','2026-02-08 10:31:57'),
(6,34,'CONSECUTIVE','连续打卡奖励','2026-02-09 15:33:13'),
(7,131,'ACHIEVEMENT','成就解锁奖励','2026-02-08 08:03:23'),
(8,10,'CHECKIN','每日打卡奖励','2026-02-09 08:58:20'),
(9,21,'CONSECUTIVE','连续打卡奖励','2026-02-09 09:53:13'),
(10,71,'ACHIEVEMENT','成就解锁奖励','2026-02-07 10:54:27'),
(11,10,'CHECKIN','每日打卡奖励','2026-02-09 08:27:19'),
(12,25,'CONSECUTIVE','连续打卡奖励','2026-02-08 17:33:21'),
(13,83,'ACHIEVEMENT','成就解锁奖励','2026-02-11 18:35:59'),
(14,10,'CHECKIN','每日打卡奖励','2026-02-08 08:30:57'),
(15,45,'CONSECUTIVE','连续打卡奖励','2026-02-11 08:17:58'),
(16,54,'ACHIEVEMENT','成就解锁奖励','2026-02-11 15:18:17'),
(17,10,'CHECKIN','每日打卡奖励','2026-02-09 16:25:58'),
(18,30,'CONSECUTIVE','连续打卡奖励','2026-02-08 17:49:02'),
(19,90,'ACHIEVEMENT','成就解锁奖励','2026-02-09 15:08:32'),
(20,10,'CHECKIN','每日打卡奖励','2026-02-07 19:16:46'),
(21,30,'CONSECUTIVE','连续打卡奖励','2026-02-11 14:26:58');

INSERT INTO `points_record` (`user_id`,`points`,`type`,`description`,`create_time`) VALUES
(22,62,'ACHIEVEMENT','成就解锁奖励','2026-02-07 09:28:47'),
(23,10,'CHECKIN','每日打卡奖励','2026-02-10 18:17:54'),
(24,47,'CONSECUTIVE','连续打卡奖励','2026-02-10 18:18:10'),
(25,84,'ACHIEVEMENT','成就解锁奖励','2026-02-11 08:30:15'),
(26,10,'CHECKIN','每日打卡奖励','2026-02-08 17:09:27'),
(27,48,'CONSECUTIVE','连续打卡奖励','2026-02-08 13:22:26'),
(28,147,'ACHIEVEMENT','成就解锁奖励','2026-02-09 13:19:55'),
(29,10,'CHECKIN','每日打卡奖励','2026-02-11 08:02:42'),
(30,46,'CONSECUTIVE','连续打卡奖励','2026-02-07 11:30:44'),
(31,59,'ACHIEVEMENT','成就解锁奖励','2026-02-09 16:46:50'),
(32,10,'CHECKIN','每日打卡奖励','2026-02-11 07:38:20'),
(33,35,'CONSECUTIVE','连续打卡奖励','2026-02-08 16:47:53'),
(34,115,'ACHIEVEMENT','成就解锁奖励','2026-02-09 08:21:44'),
(35,10,'CHECKIN','每日打卡奖励','2026-02-10 19:06:23'),
(36,20,'CONSECUTIVE','连续打卡奖励','2026-02-10 13:57:58'),
(37,67,'ACHIEVEMENT','成就解锁奖励','2026-02-09 10:26:05'),
(38,10,'CHECKIN','每日打卡奖励','2026-02-07 13:32:42'),
(39,34,'CONSECUTIVE','连续打卡奖励','2026-02-07 19:41:45'),
(40,73,'ACHIEVEMENT','成就解锁奖励','2026-02-07 15:44:00'),
(41,10,'CHECKIN','每日打卡奖励','2026-02-10 12:21:23'),
(42,33,'CONSECUTIVE','连续打卡奖励','2026-02-07 18:15:16'),
(43,117,'ACHIEVEMENT','成就解锁奖励','2026-02-11 08:12:24'),
(44,10,'CHECKIN','每日打卡奖励','2026-02-08 17:51:32'),
(45,28,'CONSECUTIVE','连续打卡奖励','2026-02-10 13:46:44'),
(46,84,'ACHIEVEMENT','成就解锁奖励','2026-02-09 09:24:20');

INSERT INTO `points_record` (`user_id`,`points`,`type`,`description`,`create_time`) VALUES
(47,10,'CHECKIN','每日打卡奖励','2026-02-11 09:42:21'),
(48,20,'CONSECUTIVE','连续打卡奖励','2026-02-08 17:35:47'),
(49,143,'ACHIEVEMENT','成就解锁奖励','2026-02-07 10:04:04'),
(50,10,'CHECKIN','每日打卡奖励','2026-02-07 14:51:52'),
(51,22,'CONSECUTIVE','连续打卡奖励','2026-02-07 09:25:30'),
(52,137,'ACHIEVEMENT','成就解锁奖励','2026-02-09 06:33:32'),
(53,10,'CHECKIN','每日打卡奖励','2026-02-08 16:57:04'),
(54,23,'CONSECUTIVE','连续打卡奖励','2026-02-10 16:03:41'),
(55,110,'ACHIEVEMENT','成就解锁奖励','2026-02-07 10:44:25'),
(56,10,'CHECKIN','每日打卡奖励','2026-02-07 11:46:53'),
(57,20,'CONSECUTIVE','连续打卡奖励','2026-02-10 17:49:50'),
(58,54,'ACHIEVEMENT','成就解锁奖励','2026-02-07 07:57:55'),
(59,10,'CHECKIN','每日打卡奖励','2026-02-09 19:14:19'),
(60,28,'CONSECUTIVE','连续打卡奖励','2026-02-11 13:48:28'),
(61,53,'ACHIEVEMENT','成就解锁奖励','2026-02-11 17:45:43'),
(62,10,'CHECKIN','每日打卡奖励','2026-02-11 06:48:02'),
(63,37,'CONSECUTIVE','连续打卡奖励','2026-02-08 19:55:18'),
(64,58,'ACHIEVEMENT','成就解锁奖励','2026-02-11 17:34:54'),
(65,10,'CHECKIN','每日打卡奖励','2026-02-10 14:36:43'),
(66,23,'CONSECUTIVE','连续打卡奖励','2026-02-10 16:23:48'),
(67,81,'ACHIEVEMENT','成就解锁奖励','2026-02-09 08:09:14'),
(68,10,'CHECKIN','每日打卡奖励','2026-02-11 18:42:34'),
(69,48,'CONSECUTIVE','连续打卡奖励','2026-02-10 18:13:25'),
(70,72,'ACHIEVEMENT','成就解锁奖励','2026-02-08 10:06:27'),
(71,10,'CHECKIN','每日打卡奖励','2026-02-10 16:45:18');

INSERT INTO `points_record` (`user_id`,`points`,`type`,`description`,`create_time`) VALUES
(72,25,'CONSECUTIVE','连续打卡奖励','2026-02-11 16:36:22'),
(73,142,'ACHIEVEMENT','成就解锁奖励','2026-02-11 11:25:54'),
(74,10,'CHECKIN','每日打卡奖励','2026-02-07 12:15:16'),
(75,40,'CONSECUTIVE','连续打卡奖励','2026-02-11 19:19:39'),
(76,78,'ACHIEVEMENT','成就解锁奖励','2026-02-08 13:37:06'),
(77,10,'CHECKIN','每日打卡奖励','2026-02-11 19:26:14'),
(78,26,'CONSECUTIVE','连续打卡奖励','2026-02-08 07:41:01'),
(79,137,'ACHIEVEMENT','成就解锁奖励','2026-02-11 11:49:10'),
(80,10,'CHECKIN','每日打卡奖励','2026-02-10 19:22:44'),
(81,35,'CONSECUTIVE','连续打卡奖励','2026-02-11 12:25:19'),
(82,70,'ACHIEVEMENT','成就解锁奖励','2026-02-11 10:34:52'),
(83,10,'CHECKIN','每日打卡奖励','2026-02-07 15:18:46'),
(84,36,'CONSECUTIVE','连续打卡奖励','2026-02-09 13:07:48'),
(85,132,'ACHIEVEMENT','成就解锁奖励','2026-02-07 07:21:56'),
(86,10,'CHECKIN','每日打卡奖励','2026-02-10 07:02:33'),
(87,47,'CONSECUTIVE','连续打卡奖励','2026-02-07 12:05:44'),
(88,115,'ACHIEVEMENT','成就解锁奖励','2026-02-07 06:39:50'),
(89,10,'CHECKIN','每日打卡奖励','2026-02-09 09:40:34'),
(90,27,'CONSECUTIVE','连续打卡奖励','2026-02-10 06:16:55'),
(91,149,'ACHIEVEMENT','成就解锁奖励','2026-02-10 10:19:08'),
(92,10,'CHECKIN','每日打卡奖励','2026-02-10 16:44:43'),
(93,25,'CONSECUTIVE','连续打卡奖励','2026-02-11 17:24:38'),
(94,149,'ACHIEVEMENT','成就解锁奖励','2026-02-08 13:35:46'),
(95,10,'CHECKIN','每日打卡奖励','2026-02-09 19:16:39'),
(96,35,'CONSECUTIVE','连续打卡奖励','2026-02-08 19:30:53');

INSERT INTO `points_record` (`user_id`,`points`,`type`,`description`,`create_time`) VALUES
(97,75,'ACHIEVEMENT','成就解锁奖励','2026-02-07 08:28:21'),
(98,10,'CHECKIN','每日打卡奖励','2026-02-07 11:52:56'),
(99,32,'CONSECUTIVE','连续打卡奖励','2026-02-08 14:22:16'),
(100,98,'ACHIEVEMENT','成就解锁奖励','2026-02-09 11:49:14'),
(101,10,'CHECKIN','每日打卡奖励','2026-02-10 09:26:33'),
(102,23,'CONSECUTIVE','连续打卡奖励','2026-02-07 16:08:24'),
(103,125,'ACHIEVEMENT','成就解锁奖励','2026-02-10 16:01:33'),
(104,10,'CHECKIN','每日打卡奖励','2026-02-08 12:01:43'),
(105,31,'CONSECUTIVE','连续打卡奖励','2026-02-09 12:06:02'),
(106,57,'ACHIEVEMENT','成就解锁奖励','2026-02-11 07:03:03'),
(107,10,'CHECKIN','每日打卡奖励','2026-02-10 15:06:45'),
(108,49,'CONSECUTIVE','连续打卡奖励','2026-02-09 17:05:01'),
(109,130,'ACHIEVEMENT','成就解锁奖励','2026-02-08 14:51:18'),
(110,10,'CHECKIN','每日打卡奖励','2026-02-10 19:05:59'),
(111,31,'CONSECUTIVE','连续打卡奖励','2026-02-09 18:39:47'),
(2,58,'ACHIEVEMENT','成就解锁奖励','2026-02-08 13:11:25'),
(3,10,'CHECKIN','每日打卡奖励','2026-02-07 19:43:47'),
(4,22,'CONSECUTIVE','连续打卡奖励','2026-02-08 08:34:32'),
(5,110,'ACHIEVEMENT','成就解锁奖励','2026-02-07 07:56:13'),
(6,10,'CHECKIN','每日打卡奖励','2026-02-08 06:38:16'),
(7,36,'CONSECUTIVE','连续打卡奖励','2026-02-10 15:32:21'),
(8,95,'ACHIEVEMENT','成就解锁奖励','2026-02-10 12:59:04'),
(9,10,'CHECKIN','每日打卡奖励','2026-02-09 17:39:50'),
(10,43,'CONSECUTIVE','连续打卡奖励','2026-02-09 18:47:16'),
(11,142,'ACHIEVEMENT','成就解锁奖励','2026-02-10 09:17:59');

INSERT INTO `points_record` (`user_id`,`points`,`type`,`description`,`create_time`) VALUES
(12,10,'CHECKIN','每日打卡奖励','2026-02-06 15:01:16'),
(13,47,'CONSECUTIVE','连续打卡奖励','2026-02-07 14:47:21'),
(14,91,'ACHIEVEMENT','成就解锁奖励','2026-02-10 18:48:39'),
(15,10,'CHECKIN','每日打卡奖励','2026-02-08 15:01:49'),
(16,35,'CONSECUTIVE','连续打卡奖励','2026-02-06 08:57:02'),
(17,121,'ACHIEVEMENT','成就解锁奖励','2026-02-06 15:20:29'),
(18,10,'CHECKIN','每日打卡奖励','2026-02-07 11:31:02'),
(19,25,'CONSECUTIVE','连续打卡奖励','2026-02-10 09:14:15'),
(20,98,'ACHIEVEMENT','成就解锁奖励','2026-02-07 19:16:24'),
(21,10,'CHECKIN','每日打卡奖励','2026-02-09 14:18:34'),
(22,32,'CONSECUTIVE','连续打卡奖励','2026-02-07 07:31:54'),
(23,59,'ACHIEVEMENT','成就解锁奖励','2026-02-10 17:25:37'),
(24,10,'CHECKIN','每日打卡奖励','2026-02-07 10:38:37'),
(25,49,'CONSECUTIVE','连续打卡奖励','2026-02-07 15:13:14'),
(26,137,'ACHIEVEMENT','成就解锁奖励','2026-02-08 06:41:31'),
(27,10,'CHECKIN','每日打卡奖励','2026-02-07 18:30:55'),
(28,24,'CONSECUTIVE','连续打卡奖励','2026-02-06 15:23:18'),
(29,142,'ACHIEVEMENT','成就解锁奖励','2026-02-10 12:16:26'),
(30,10,'CHECKIN','每日打卡奖励','2026-02-07 06:13:15'),
(31,46,'CONSECUTIVE','连续打卡奖励','2026-02-10 10:07:19'),
(32,82,'ACHIEVEMENT','成就解锁奖励','2026-02-06 11:47:21'),
(33,10,'CHECKIN','每日打卡奖励','2026-02-08 18:55:45'),
(34,20,'CONSECUTIVE','连续打卡奖励','2026-02-06 16:56:15'),
(35,96,'ACHIEVEMENT','成就解锁奖励','2026-02-08 18:17:47'),
(36,10,'CHECKIN','每日打卡奖励','2026-02-09 12:03:35');

INSERT INTO `points_record` (`user_id`,`points`,`type`,`description`,`create_time`) VALUES
(37,31,'CONSECUTIVE','连续打卡奖励','2026-02-10 09:32:27'),
(38,120,'ACHIEVEMENT','成就解锁奖励','2026-02-06 10:05:15'),
(39,10,'CHECKIN','每日打卡奖励','2026-02-07 19:19:39'),
(40,29,'CONSECUTIVE','连续打卡奖励','2026-02-06 13:34:52'),
(41,68,'ACHIEVEMENT','成就解锁奖励','2026-02-07 06:29:16'),
(42,10,'CHECKIN','每日打卡奖励','2026-02-08 19:51:46'),
(43,20,'CONSECUTIVE','连续打卡奖励','2026-02-08 06:30:22'),
(44,143,'ACHIEVEMENT','成就解锁奖励','2026-02-07 19:21:18'),
(45,10,'CHECKIN','每日打卡奖励','2026-02-10 19:15:56'),
(46,25,'CONSECUTIVE','连续打卡奖励','2026-02-08 15:41:16'),
(47,100,'ACHIEVEMENT','成就解锁奖励','2026-02-06 19:46:54'),
(48,10,'CHECKIN','每日打卡奖励','2026-02-09 19:32:33'),
(49,37,'CONSECUTIVE','连续打卡奖励','2026-02-07 15:07:21'),
(50,58,'ACHIEVEMENT','成就解锁奖励','2026-02-09 19:09:04'),
(51,10,'CHECKIN','每日打卡奖励','2026-02-07 10:50:28'),
(52,35,'CONSECUTIVE','连续打卡奖励','2026-02-09 16:49:40'),
(53,107,'ACHIEVEMENT','成就解锁奖励','2026-02-06 17:55:48'),
(54,10,'CHECKIN','每日打卡奖励','2026-02-07 12:27:14'),
(55,42,'CONSECUTIVE','连续打卡奖励','2026-02-09 10:43:56'),
(56,129,'ACHIEVEMENT','成就解锁奖励','2026-02-09 12:55:09'),
(57,10,'CHECKIN','每日打卡奖励','2026-02-09 16:08:21'),
(58,32,'CONSECUTIVE','连续打卡奖励','2026-02-09 19:25:26'),
(59,119,'ACHIEVEMENT','成就解锁奖励','2026-02-09 17:34:25'),
(60,10,'CHECKIN','每日打卡奖励','2026-02-09 07:32:38'),
(61,31,'CONSECUTIVE','连续打卡奖励','2026-02-08 19:02:48');

INSERT INTO `points_record` (`user_id`,`points`,`type`,`description`,`create_time`) VALUES
(62,111,'ACHIEVEMENT','成就解锁奖励','2026-02-07 06:29:22'),
(63,10,'CHECKIN','每日打卡奖励','2026-02-08 10:16:18'),
(64,39,'CONSECUTIVE','连续打卡奖励','2026-02-08 08:22:28'),
(65,67,'ACHIEVEMENT','成就解锁奖励','2026-02-07 16:21:04'),
(66,10,'CHECKIN','每日打卡奖励','2026-02-06 14:28:27'),
(67,28,'CONSECUTIVE','连续打卡奖励','2026-02-08 16:53:13'),
(68,133,'ACHIEVEMENT','成就解锁奖励','2026-02-06 13:38:19'),
(69,10,'CHECKIN','每日打卡奖励','2026-02-06 16:57:48'),
(70,35,'CONSECUTIVE','连续打卡奖励','2026-02-06 14:49:16'),
(71,82,'ACHIEVEMENT','成就解锁奖励','2026-02-06 15:28:17'),
(72,10,'CHECKIN','每日打卡奖励','2026-02-07 11:26:21'),
(73,41,'CONSECUTIVE','连续打卡奖励','2026-02-07 14:19:22'),
(74,59,'ACHIEVEMENT','成就解锁奖励','2026-02-10 07:10:41'),
(75,10,'CHECKIN','每日打卡奖励','2026-02-06 13:51:11'),
(76,21,'CONSECUTIVE','连续打卡奖励','2026-02-08 06:57:51'),
(77,89,'ACHIEVEMENT','成就解锁奖励','2026-02-08 15:52:54'),
(78,10,'CHECKIN','每日打卡奖励','2026-02-06 09:16:17'),
(79,39,'CONSECUTIVE','连续打卡奖励','2026-02-07 19:31:25'),
(80,54,'ACHIEVEMENT','成就解锁奖励','2026-02-10 19:27:26'),
(81,10,'CHECKIN','每日打卡奖励','2026-02-06 10:25:12'),
(82,41,'CONSECUTIVE','连续打卡奖励','2026-02-07 07:26:24'),
(83,86,'ACHIEVEMENT','成就解锁奖励','2026-02-08 11:04:08'),
(84,10,'CHECKIN','每日打卡奖励','2026-02-10 17:23:46'),
(85,27,'CONSECUTIVE','连续打卡奖励','2026-02-08 09:06:17'),
(86,74,'ACHIEVEMENT','成就解锁奖励','2026-02-07 15:12:29');

INSERT INTO `points_record` (`user_id`,`points`,`type`,`description`,`create_time`) VALUES
(87,10,'CHECKIN','每日打卡奖励','2026-02-10 15:25:51'),
(88,41,'CONSECUTIVE','连续打卡奖励','2026-02-09 19:57:06'),
(89,129,'ACHIEVEMENT','成就解锁奖励','2026-02-09 14:41:20'),
(90,10,'CHECKIN','每日打卡奖励','2026-02-09 18:53:54'),
(91,24,'CONSECUTIVE','连续打卡奖励','2026-02-08 13:35:55'),
(92,90,'ACHIEVEMENT','成就解锁奖励','2026-02-09 10:20:52'),
(93,10,'CHECKIN','每日打卡奖励','2026-02-07 14:26:08'),
(94,37,'CONSECUTIVE','连续打卡奖励','2026-02-07 12:05:55'),
(95,87,'ACHIEVEMENT','成就解锁奖励','2026-02-10 10:18:12'),
(96,10,'CHECKIN','每日打卡奖励','2026-02-06 11:39:15'),
(97,35,'CONSECUTIVE','连续打卡奖励','2026-02-10 08:58:01'),
(98,108,'ACHIEVEMENT','成就解锁奖励','2026-02-08 18:57:48'),
(99,10,'CHECKIN','每日打卡奖励','2026-02-08 10:07:08'),
(100,23,'CONSECUTIVE','连续打卡奖励','2026-02-06 17:38:33'),
(101,115,'ACHIEVEMENT','成就解锁奖励','2026-02-08 11:12:51'),
(102,10,'CHECKIN','每日打卡奖励','2026-02-06 15:50:01'),
(103,23,'CONSECUTIVE','连续打卡奖励','2026-02-08 17:46:14'),
(104,97,'ACHIEVEMENT','成就解锁奖励','2026-02-08 10:43:18'),
(105,10,'CHECKIN','每日打卡奖励','2026-02-06 13:38:48'),
(106,49,'CONSECUTIVE','连续打卡奖励','2026-02-09 12:35:40'),
(107,63,'ACHIEVEMENT','成就解锁奖励','2026-02-09 09:49:39'),
(108,10,'CHECKIN','每日打卡奖励','2026-02-08 19:46:19'),
(109,47,'CONSECUTIVE','连续打卡奖励','2026-02-07 17:10:33'),
(110,146,'ACHIEVEMENT','成就解锁奖励','2026-02-07 09:18:06'),
(111,10,'CHECKIN','每日打卡奖励','2026-02-07 13:15:58');

-- ========== User Achievements (200+ records) ==========
INSERT INTO `user_achievement` (`user_id`,`achievement_id`,`unlock_time`) VALUES
(2,1,'2026-02-10 08:21:09'),
(3,2,'2026-01-25 18:37:17'),
(4,3,'2026-02-07 18:11:10'),
(5,4,'2026-02-08 15:01:57'),
(6,5,'2026-02-10 17:48:24'),
(7,6,'2026-01-24 19:50:11'),
(8,7,'2026-02-04 17:19:34'),
(9,8,'2026-01-28 19:57:51'),
(10,9,'2026-01-31 13:15:41'),
(11,10,'2026-01-27 14:43:23'),
(12,1,'2026-01-25 16:55:05'),
(13,2,'2026-02-08 18:41:27'),
(14,3,'2026-02-09 10:34:19'),
(15,4,'2026-01-23 14:55:47'),
(16,5,'2026-01-29 17:22:54'),
(17,6,'2026-02-10 15:25:29'),
(18,7,'2026-01-30 14:33:58'),
(19,8,'2026-01-26 12:02:11'),
(20,9,'2026-01-30 09:21:26'),
(21,10,'2026-02-14 18:17:29'),
(22,1,'2026-01-30 15:58:55'),
(23,2,'2026-01-21 14:03:57'),
(24,3,'2026-02-06 08:20:35'),
(25,4,'2026-01-29 16:01:05'),
(26,5,'2026-01-19 10:26:22');

INSERT INTO `user_achievement` (`user_id`,`achievement_id`,`unlock_time`) VALUES
(27,6,'2026-02-11 09:25:27'),
(28,7,'2026-01-31 17:50:03'),
(29,8,'2026-01-30 11:41:11'),
(30,9,'2026-02-08 19:42:16'),
(31,10,'2026-02-04 17:12:10'),
(32,1,'2026-02-12 19:11:23'),
(33,2,'2026-02-04 15:32:09'),
(34,3,'2026-02-12 17:23:05'),
(35,4,'2026-01-17 13:33:13'),
(36,5,'2026-02-11 19:25:49'),
(37,6,'2026-02-07 18:10:29'),
(38,7,'2026-02-07 18:50:54'),
(39,8,'2026-01-31 17:36:31'),
(40,9,'2026-01-25 18:30:23'),
(41,10,'2026-02-04 11:00:45'),
(42,1,'2026-02-08 08:25:30'),
(43,2,'2026-02-12 10:54:01'),
(44,3,'2026-01-26 17:37:42'),
(45,4,'2026-02-10 13:17:11'),
(46,5,'2026-01-18 18:10:41'),
(47,6,'2026-01-30 15:03:50'),
(48,7,'2026-01-27 08:44:30'),
(49,8,'2026-01-17 08:55:53'),
(50,9,'2026-01-27 19:16:09'),
(51,10,'2026-01-19 12:39:42');

INSERT INTO `user_achievement` (`user_id`,`achievement_id`,`unlock_time`) VALUES
(52,1,'2026-01-30 08:44:20'),
(53,2,'2026-01-31 18:29:19'),
(54,3,'2026-01-22 09:23:41'),
(55,4,'2026-01-23 14:09:17'),
(56,5,'2026-01-18 16:08:07'),
(57,6,'2026-02-02 09:00:55'),
(58,7,'2026-01-19 17:25:55'),
(59,8,'2026-01-29 10:36:24'),
(60,9,'2026-01-29 19:01:30'),
(61,10,'2026-01-21 18:27:27'),
(62,1,'2026-01-20 15:14:19'),
(63,2,'2026-01-26 13:59:05'),
(64,3,'2026-02-13 16:48:16'),
(65,4,'2026-02-14 18:16:41'),
(66,5,'2026-02-07 08:56:21'),
(67,6,'2026-01-23 16:00:29'),
(68,7,'2026-01-27 16:38:34'),
(69,8,'2026-01-22 17:14:47'),
(70,9,'2026-01-19 14:48:33'),
(71,10,'2026-02-07 16:13:28'),
(72,1,'2026-01-30 16:31:55'),
(73,2,'2026-01-24 17:35:44'),
(74,3,'2026-02-08 17:09:23'),
(75,4,'2026-01-16 09:05:12'),
(76,5,'2026-01-26 15:27:46');

INSERT INTO `user_achievement` (`user_id`,`achievement_id`,`unlock_time`) VALUES
(77,6,'2026-01-30 16:26:51'),
(78,7,'2026-01-16 16:35:04'),
(79,8,'2026-02-03 18:13:13'),
(80,9,'2026-02-09 14:36:35'),
(81,10,'2026-01-26 17:33:51'),
(82,1,'2026-02-07 19:54:43'),
(83,2,'2026-01-27 18:47:51'),
(84,3,'2026-01-23 12:15:35'),
(85,4,'2026-01-28 14:29:28'),
(86,5,'2026-01-23 14:54:43'),
(87,6,'2026-02-07 09:01:54'),
(88,7,'2026-01-21 10:31:23'),
(89,8,'2026-02-03 12:14:03'),
(90,9,'2026-01-28 17:22:22'),
(91,10,'2026-01-17 10:57:32'),
(92,1,'2026-02-03 14:01:17'),
(93,2,'2026-01-27 09:22:27'),
(94,3,'2026-02-08 08:06:45'),
(95,4,'2026-01-23 15:11:11'),
(96,5,'2026-01-28 12:01:40'),
(97,6,'2026-02-14 19:39:03'),
(98,7,'2026-02-03 18:26:28'),
(99,8,'2026-02-11 14:38:56'),
(100,9,'2026-02-03 17:46:55'),
(101,10,'2026-01-28 11:45:16');

INSERT INTO `user_achievement` (`user_id`,`achievement_id`,`unlock_time`) VALUES
(102,1,'2026-01-23 11:00:51'),
(103,2,'2026-02-09 16:05:16'),
(104,3,'2026-02-13 15:59:26'),
(105,4,'2026-02-07 12:13:17'),
(106,5,'2026-02-07 12:01:40'),
(107,6,'2026-02-08 19:10:44'),
(108,7,'2026-01-27 10:34:52'),
(109,8,'2026-02-03 08:43:35'),
(110,9,'2026-01-19 19:53:34'),
(111,10,'2026-02-01 14:03:38');

-- Seed data generation complete.
